Date,open,high,low,close,volume,Dividends,Stock Splits
2023-01-01 00:00:00+00:00,16547.9140625,16630.439453125,16521.234375,16625.080078125,9244361700,0.0,0.0
2023-01-02 00:00:00+00:00,16625.509765625,16759.34375,16572.228515625,16688.470703125,12097775227,0.0,0.0
2023-01-03 00:00:00+00:00,16688.84765625,16760.447265625,16622.37109375,16679.857421875,13903079207,0.0,0.0
2023-01-04 00:00:00+00:00,16680.205078125,16964.5859375,16667.763671875,16863.23828125,18421743322,0.0,0.0
2023-01-05 00:00:00+00:00,16863.47265625,16884.021484375,16790.283203125,16836.736328125,13692758566,0.0,0.0
2023-01-06 00:00:00+00:00,16836.47265625,16991.994140625,16716.421875,16951.96875,14413662913,0.0,0.0
2023-01-07 00:00:00+00:00,16952.1171875,16975.017578125,16914.19140625,16955.078125,7714767174,0.0,0.0
2023-01-08 00:00:00+00:00,16954.146484375,17091.14453125,16924.05078125,17091.14453125,9768827914,0.0,0.0
2023-01-09 00:00:00+00:00,17093.9921875,17389.95703125,17093.9921875,17196.5546875,18624736866,0.0,0.0
2023-01-10 00:00:00+00:00,17192.94921875,17484.720703125,17162.990234375,17446.29296875,15808338949,0.0,0.0
2023-01-11 00:00:00+00:00,17446.359375,17934.896484375,17337.994140625,17934.896484375,18372283782,0.0,0.0
2023-01-12 00:00:00+00:00,18117.59375,19030.087890625,17995.203125,18869.587890625,34971338710,0.0,0.0
2023-01-13 00:00:00+00:00,18868.90625,19964.322265625,18753.1640625,19909.57421875,29225029694,0.0,0.0
2023-01-14 00:00:00+00:00,19910.537109375,21075.142578125,19907.828125,20976.298828125,38967784639,0.0,0.0
2023-01-15 00:00:00+00:00,20977.484375,20993.748046875,20606.986328125,20880.798828125,19298407543,0.0,0.0
2023-01-16 00:00:00+00:00,20882.224609375,21360.875,20715.74609375,21169.6328125,26792494050,0.0,0.0
2023-01-17 00:00:00+00:00,21175.833984375,21438.66015625,20978.533203125,21161.51953125,24999983362,0.0,0.0
2023-01-18 00:00:00+00:00,21161.05078125,21564.501953125,20541.544921875,20688.78125,30005625418,0.0,0.0
2023-01-19 00:00:00+00:00,20686.74609375,21163.01171875,20685.380859375,21086.79296875,21152848261,0.0,0.0
2023-01-20 00:00:00+00:00,21085.373046875,22692.357421875,20919.126953125,22676.552734375,28799154319,0.0,0.0
2023-01-21 00:00:00+00:00,22677.427734375,23282.34765625,22511.833984375,22777.625,32442278429,0.0,0.0
2023-01-22 00:00:00+00:00,22777.986328125,23056.73046875,22387.900390625,22720.416015625,24746386230,0.0,0.0
2023-01-23 00:00:00+00:00,22721.087890625,23126.486328125,22654.3046875,22934.431640625,26518700512,0.0,0.0
2023-01-24 00:00:00+00:00,22929.626953125,23134.01171875,22549.744140625,22636.46875,26405069715,0.0,0.0
2023-01-25 00:00:00+00:00,22639.267578125,23722.099609375,22406.076171875,23117.859375,30685366709,0.0,0.0
2023-01-26 00:00:00+00:00,23108.955078125,23237.078125,22911.373046875,23032.77734375,26357839322,0.0,0.0
2023-01-27 00:00:00+00:00,23030.716796875,23417.720703125,22654.59375,23078.728515625,25383335641,0.0,0.0
2023-01-28 00:00:00+00:00,23079.96484375,23165.896484375,22908.845703125,23031.08984375,14712928379,0.0,0.0
2023-01-29 00:00:00+00:00,23031.44921875,23919.890625,22985.0703125,23774.56640625,27423687259,0.0,0.0
2023-01-30 00:00:00+00:00,23774.6484375,23789.34765625,22657.58203125,22840.138671875,27205595568,0.0,0.0
2023-01-31 00:00:00+00:00,22840.796875,23225.021484375,22765.568359375,23139.283203125,22837828665,0.0,0.0
2023-02-01 00:00:00+00:00,23137.8359375,23764.5390625,22877.75,23723.76953125,26683255504,0.0,0.0
2023-02-02 00:00:00+00:00,23720.82421875,24167.2109375,23468.595703125,23471.87109375,32066936882,0.0,0.0
2023-02-03 00:00:00+00:00,23469.412109375,23678.103515625,23279.955078125,23449.322265625,27083066007,0.0,0.0
2023-02-04 00:00:00+00:00,23446.3203125,23556.94921875,23291.794921875,23331.84765625,15639298538,0.0,0.0
2023-02-05 00:00:00+00:00,23332.248046875,23423.435546875,22841.759765625,22955.666015625,19564262605,0.0,0.0
2023-02-06 00:00:00+00:00,22954.021484375,23119.279296875,22692.025390625,22760.109375,23825006542,0.0,0.0
2023-02-07 00:00:00+00:00,22757.267578125,23310.974609375,22756.2578125,23264.291015625,27187964471,0.0,0.0
2023-02-08 00:00:00+00:00,23263.416015625,23367.958984375,22731.09765625,22939.3984375,25371367758,0.0,0.0
2023-02-09 00:00:00+00:00,22946.56640625,22996.4375,21773.974609375,21819.0390625,32572572185,0.0,0.0
2023-02-10 00:00:00+00:00,21819.005859375,21941.185546875,21539.392578125,21651.18359375,27078406594,0.0,0.0
2023-02-11 00:00:00+00:00,21651.841796875,21891.41015625,21618.44921875,21870.875,16356226232,0.0,0.0
2023-02-12 00:00:00+00:00,21870.90234375,22060.994140625,21682.828125,21788.203125,17821046406,0.0,0.0
2023-02-13 00:00:00+00:00,21787.0,21898.4140625,21460.087890625,21808.1015625,23918742607,0.0,0.0
2023-02-14 00:00:00+00:00,21801.822265625,22293.140625,21632.39453125,22220.8046875,26792596581,0.0,0.0
2023-02-15 00:00:00+00:00,22220.5859375,24307.841796875,22082.76953125,24307.841796875,32483312909,0.0,0.0
2023-02-16 00:00:00+00:00,24307.349609375,25134.1171875,23602.5234375,23623.474609375,39316664596,0.0,0.0
2023-02-17 00:00:00+00:00,23621.283203125,24924.041015625,23460.755859375,24565.6015625,41358451255,0.0,0.0
2023-02-18 00:00:00+00:00,24565.296875,24798.8359375,24468.373046875,24641.27734375,19625427158,0.0,0.0
2023-02-19 00:00:00+00:00,24640.02734375,25093.0546875,24327.642578125,24327.642578125,25555105670,0.0,0.0
2023-02-20 00:00:00+00:00,24336.623046875,25020.458984375,23927.91015625,24829.1484375,28987376573,0.0,0.0
2023-02-21 00:00:00+00:00,24833.048828125,25126.8515625,24200.36328125,24436.353515625,31252098714,0.0,0.0
2023-02-22 00:00:00+00:00,24437.41796875,24472.33984375,23644.318359375,24188.84375,30199996781,0.0,0.0
2023-02-23 00:00:00+00:00,24190.71875,24572.08984375,23693.919921875,23947.4921875,30476264066,0.0,0.0
2023-02-24 00:00:00+00:00,23946.0078125,24103.705078125,23007.072265625,23198.126953125,26811744928,0.0,0.0
2023-02-25 00:00:00+00:00,23200.125,23210.2109375,22861.55859375,23175.375,16100721565,0.0,0.0
2023-02-26 00:00:00+00:00,23174.150390625,23654.3671875,23084.220703125,23561.212890625,16644534842,0.0,0.0
2023-02-27 00:00:00+00:00,23561.451171875,23857.890625,23205.87890625,23522.87109375,22660763494,0.0,0.0
2023-02-28 00:00:00+00:00,23521.837890625,23585.384765625,23077.650390625,23147.353515625,20535363434,0.0,0.0
2023-03-01 00:00:00+00:00,23150.9296875,23880.6328125,23088.626953125,23646.55078125,24662841200,0.0,0.0
2023-03-02 00:00:00+00:00,23647.01953125,23739.138671875,23245.021484375,23475.466796875,20386398516,0.0,0.0
2023-03-03 00:00:00+00:00,23476.6328125,23479.34765625,22213.23828125,22362.6796875,26062404610,0.0,0.0
2023-03-04 00:00:00+00:00,22362.923828125,22405.177734375,22198.98046875,22353.349609375,11166012913,0.0,0.0
2023-03-05 00:00:00+00:00,22354.14453125,22613.685546875,22307.142578125,22435.513671875,13317001733,0.0,0.0
2023-03-06 00:00:00+00:00,22436.81640625,22584.29296875,22331.314453125,22429.7578125,17353192895,0.0,0.0
2023-03-07 00:00:00+00:00,22428.322265625,22527.41796875,22011.26171875,22219.76953125,22765452204,0.0,0.0
2023-03-08 00:00:00+00:00,22216.44140625,22268.896484375,21708.05078125,21718.080078125,22536575684,0.0,0.0
2023-03-09 00:00:00+00:00,21720.080078125,21802.716796875,20210.306640625,20363.021484375,30364664171,0.0,0.0
2023-03-10 00:00:00+00:00,20367.001953125,20370.595703125,19628.25390625,20187.244140625,39578257695,0.0,0.0
2023-03-11 00:00:00+00:00,20187.876953125,20792.525390625,20068.66015625,20632.41015625,30180288176,0.0,0.0
2023-03-12 00:00:00+00:00,20628.029296875,22185.03125,20448.806640625,22163.94921875,29279035521,0.0,0.0
2023-03-13 00:00:00+00:00,22156.40625,24550.837890625,21918.19921875,24197.533203125,49466362688,0.0,0.0
2023-03-14 00:00:00+00:00,24201.765625,26514.716796875,24081.18359375,24746.07421875,54622230164,0.0,0.0
2023-03-15 00:00:00+00:00,24770.92578125,25240.615234375,23964.91015625,24375.9609375,43655701450,0.0,0.0
2023-03-16 00:00:00+00:00,24373.45703125,25190.326171875,24225.111328125,25052.7890625,33866061747,0.0,0.0
2023-03-17 00:00:00+00:00,25055.123046875,27787.8125,24955.169921875,27423.9296875,50730261335,0.0,0.0
2023-03-18 00:00:00+00:00,27448.1171875,27725.953125,26636.26171875,26965.87890625,35723036817,0.0,0.0
2023-03-19 00:00:00+00:00,26969.50390625,28440.560546875,26907.716796875,28038.67578125,37769448859,0.0,0.0
2023-03-20 00:00:00+00:00,28041.6015625,28527.724609375,27242.880859375,27767.236328125,44774027664,0.0,0.0
2023-03-21 00:00:00+00:00,27768.392578125,28439.5625,27439.646484375,28175.81640625,36102192830,0.0,0.0
2023-03-22 00:00:00+00:00,28158.720703125,28803.3359375,26759.99609375,27307.4375,33382021890,0.0,0.0
2023-03-23 00:00:00+00:00,27301.95703125,28729.84375,27183.36328125,28333.97265625,24220433689,0.0,0.0
2023-03-24 00:00:00+00:00,28324.111328125,28388.4375,27039.265625,27493.28515625,25980310960,0.0,0.0
2023-03-25 00:00:00+00:00,27487.337890625,27791.826171875,27196.234375,27494.70703125,13383005987,0.0,0.0
2023-03-26 00:00:00+00:00,27495.5234375,28178.14453125,27445.046875,27994.330078125,13878363192,0.0,0.0
2023-03-27 00:00:00+00:00,27994.068359375,28037.92578125,26606.689453125,27139.888671875,18188895178,0.0,0.0
2023-03-28 00:00:00+00:00,27132.888671875,27460.71875,26677.818359375,27268.130859375,17783600385,0.0,0.0
2023-03-29 00:00:00+00:00,27267.03125,28619.54296875,27259.662109375,28348.44140625,20684945906,0.0,0.0
2023-03-30 00:00:00+00:00,28350.140625,29159.90234375,27720.16015625,28033.5625,22435349951,0.0,0.0
2023-03-31 00:00:00+00:00,28032.26171875,28639.896484375,27583.71484375,28478.484375,19001327598,0.0,0.0
2023-04-01 00:00:00+00:00,28473.33203125,28802.45703125,28297.171875,28411.03515625,10876469901,0.0,0.0
2023-04-02 00:00:00+00:00,28462.845703125,28518.958984375,27884.087890625,28199.30859375,12284641999,0.0,0.0
2023-04-03 00:00:00+00:00,28183.080078125,28475.623046875,27276.720703125,27790.220703125,19556501327,0.0,0.0
2023-04-04 00:00:00+00:00,27795.2734375,28433.7421875,27681.3046875,28168.08984375,15284538859,0.0,0.0
2023-04-05 00:00:00+00:00,28169.7265625,28739.23828125,27843.763671875,28177.984375,17052315986,0.0,0.0
2023-04-06 00:00:00+00:00,28175.2265625,28178.384765625,27738.759765625,28044.140625,13837809380,0.0,0.0
2023-04-07 00:00:00+00:00,28038.966796875,28111.59375,27794.03125,27925.859375,10861680497,0.0,0.0
2023-04-08 00:00:00+00:00,27920.513671875,28159.86328125,27883.38671875,27947.794921875,9373255556,0.0,0.0
2023-04-09 00:00:00+00:00,27952.3671875,28532.830078125,27828.48046875,28333.05078125,12175322951,0.0,0.0
2023-04-10 00:00:00+00:00,28336.02734375,29771.46484375,28189.271484375,29652.98046875,19282400094,0.0,0.0
2023-04-11 00:00:00+00:00,29653.6796875,30509.083984375,29609.30078125,30235.05859375,20121259843,0.0,0.0
2023-04-12 00:00:00+00:00,30231.58203125,30462.48046875,29725.57421875,30139.052734375,18651929926,0.0,0.0
2023-04-13 00:00:00+00:00,29892.740234375,30539.845703125,29878.623046875,30399.06640625,17487721001,0.0,0.0
2023-04-14 00:00:00+00:00,30409.5625,31005.607421875,30044.498046875,30485.69921875,22659995079,0.0,0.0
2023-04-15 00:00:00+00:00,30490.75,30601.740234375,30245.8828125,30318.49609375,11940685378,0.0,0.0
2023-04-16 00:00:00+00:00,30315.9765625,30555.537109375,30157.83203125,30315.35546875,12854816417,0.0,0.0
2023-04-17 00:00:00+00:00,30317.146484375,30319.197265625,29275.37109375,29445.044921875,17872186762,0.0,0.0
2023-04-18 00:00:00+00:00,29449.091796875,30470.302734375,29154.849609375,30397.552734375,19480529496,0.0,0.0
2023-04-19 00:00:00+00:00,30394.1875,30411.0546875,28669.8984375,28822.6796875,24571565421,0.0,0.0
2023-04-20 00:00:00+00:00,28823.68359375,29076.400390625,28037.2578125,28245.98828125,21340360360,0.0,0.0
2023-04-21 00:00:00+00:00,28249.23046875,28349.96875,27177.365234375,27276.91015625,20759504330,0.0,0.0
2023-04-22 00:00:00+00:00,27265.89453125,27872.142578125,27169.5703125,27817.5,13125734602,0.0,0.0
2023-04-23 00:00:00+00:00,27816.14453125,27820.244140625,27400.314453125,27591.384765625,12785446832,0.0,0.0
2023-04-24 00:00:00+00:00,27591.73046875,27979.982421875,27070.849609375,27525.33984375,17703288330,0.0,0.0
2023-04-25 00:00:00+00:00,27514.873046875,28371.078125,27207.931640625,28307.59765625,17733373139,0.0,0.0
2023-04-26 00:00:00+00:00,28300.05859375,29995.837890625,27324.548828125,28422.701171875,31854242019,0.0,0.0
2023-04-27 00:00:00+00:00,28428.46484375,29871.546875,28402.88671875,29473.787109375,27153445027,0.0,0.0
2023-04-28 00:00:00+00:00,29481.013671875,29572.791015625,28929.609375,29340.26171875,17544464887,0.0,0.0
2023-04-29 00:00:00+00:00,29336.56640625,29452.455078125,29088.04296875,29248.48828125,10662634333,0.0,0.0
2023-04-30 00:00:00+00:00,29245.515625,29952.029296875,29114.021484375,29268.806640625,14652199272,0.0,0.0
2023-05-01 00:00:00+00:00,29227.103515625,29329.935546875,27680.79296875,28091.568359375,18655599976,0.0,0.0
2023-05-02 00:00:00+00:00,28087.17578125,28881.298828125,27924.123046875,28680.537109375,16432924527,0.0,0.0
2023-05-03 00:00:00+00:00,28680.494140625,29259.533203125,28178.388671875,29006.30859375,19122972518,0.0,0.0
2023-05-04 00:00:00+00:00,29031.3046875,29353.185546875,28694.0390625,28847.7109375,15548678514,0.0,0.0
2023-05-05 00:00:00+00:00,28851.48046875,29668.908203125,28845.509765625,29534.384765625,17936566518,0.0,0.0
2023-05-06 00:00:00+00:00,29538.859375,29820.126953125,28468.966796875,28904.623046875,15913866714,0.0,0.0
2023-05-07 00:00:00+00:00,28901.623046875,29157.517578125,28441.3671875,28454.978515625,11301355486,0.0,0.0
2023-05-08 00:00:00+00:00,28450.45703125,28663.271484375,27310.134765625,27694.2734375,19122903752,0.0,0.0
2023-05-09 00:00:00+00:00,27695.068359375,27821.400390625,27375.6015625,27658.775390625,14128593256,0.0,0.0
2023-05-10 00:00:00+00:00,27654.63671875,28322.6875,26883.669921875,27621.755859375,20656025026,0.0,0.0
2023-05-11 00:00:00+00:00,27621.0859375,27621.94140625,26781.826171875,27000.7890625,16724343943,0.0,0.0
2023-05-12 00:00:00+00:00,26987.662109375,27055.646484375,25878.4296875,26804.990234375,19313599897,0.0,0.0
2023-05-13 00:00:00+00:00,26807.76953125,27030.482421875,26710.873046875,26784.078125,9999171605,0.0,0.0
2023-05-14 00:00:00+00:00,26788.974609375,27150.9765625,26661.35546875,26930.638671875,10014858959,0.0,0.0
2023-05-15 00:00:00+00:00,26931.384765625,27646.34765625,26766.09765625,27192.693359375,14413231792,0.0,0.0
2023-05-16 00:00:00+00:00,27171.513671875,27299.3046875,26878.947265625,27036.650390625,12732238816,0.0,0.0
2023-05-17 00:00:00+00:00,27035.470703125,27465.927734375,26600.14453125,27398.802734375,15140006925,0.0,0.0
2023-05-18 00:00:00+00:00,27401.650390625,27466.52734375,26415.1015625,26832.208984375,15222938600,0.0,0.0
2023-05-19 00:00:00+00:00,26826.75390625,27128.619140625,26700.2109375,26890.12890625,11258983301,0.0,0.0
2023-05-20 00:00:00+00:00,26888.841796875,27155.158203125,26843.27734375,27129.5859375,7044911360,0.0,0.0
2023-05-21 00:00:00+00:00,27118.423828125,27265.91796875,26706.921875,26753.826171875,8647416921,0.0,0.0
2023-05-22 00:00:00+00:00,26749.892578125,27045.734375,26549.734375,26851.27734375,11056770492,0.0,0.0
2023-05-23 00:00:00+00:00,26855.9609375,27434.68359375,26816.1796875,27225.7265625,13697203143,0.0,0.0
2023-05-24 00:00:00+00:00,27224.603515625,27224.603515625,26106.576171875,26334.818359375,16299104428,0.0,0.0
2023-05-25 00:00:00+00:00,26329.4609375,26591.51953125,25890.59375,26476.20703125,13851122697,0.0,0.0
2023-05-26 00:00:00+00:00,26474.181640625,26916.669921875,26343.94921875,26719.291015625,12711619225,0.0,0.0
2023-05-27 00:00:00+00:00,26720.181640625,26888.8828125,26621.140625,26868.353515625,7892015141,0.0,0.0
2023-05-28 00:00:00+00:00,26871.158203125,28193.44921875,26802.751953125,28085.646484375,14545229578,0.0,0.0
2023-05-29 00:00:00+00:00,28075.591796875,28432.0390625,27563.876953125,27745.884765625,15181308984,0.0,0.0
2023-05-30 00:00:00+00:00,27745.123046875,28044.759765625,27588.501953125,27702.349609375,13251081851,0.0,0.0
2023-05-31 00:00:00+00:00,27700.529296875,27831.677734375,26866.453125,27219.658203125,15656371534,0.0,0.0
2023-06-01 00:00:00+00:00,27218.412109375,27346.10546875,26671.720703125,26819.97265625,14678970415,0.0,0.0
2023-06-02 00:00:00+00:00,26824.556640625,27303.861328125,26574.64453125,27249.58984375,14837415000,0.0,0.0
2023-06-03 00:00:00+00:00,27252.32421875,27317.052734375,26958.00390625,27075.12890625,8385597470,0.0,0.0
2023-06-04 00:00:00+00:00,27075.123046875,27407.01953125,26968.224609375,27119.06640625,9360912318,0.0,0.0
2023-06-05 00:00:00+00:00,27123.109375,27129.982421875,25445.16796875,25760.09765625,21513292646,0.0,0.0
2023-06-06 00:00:00+00:00,25732.109375,27313.8203125,25434.8671875,27238.783203125,21929670693,0.0,0.0
2023-06-07 00:00:00+00:00,27235.650390625,27332.181640625,26146.98828125,26345.998046875,19530045082,0.0,0.0
2023-06-08 00:00:00+00:00,26347.654296875,26797.513671875,26246.6640625,26508.216796875,11904824295,0.0,0.0
2023-06-09 00:00:00+00:00,26505.923828125,26770.2890625,26339.314453125,26480.375,11015551640,0.0,0.0
2023-06-10 00:00:00+00:00,26481.76171875,26531.044921875,25501.8359375,25851.240234375,19872933189,0.0,0.0
2023-06-11 00:00:00+00:00,25854.03125,26203.439453125,25668.986328125,25940.16796875,10732609603,0.0,0.0
2023-06-12 00:00:00+00:00,25934.28515625,26087.919921875,25675.197265625,25902.5,11677889997,0.0,0.0
2023-06-13 00:00:00+00:00,25902.94140625,26376.3515625,25728.365234375,25918.728515625,14143474486,0.0,0.0
2023-06-14 00:00:00+00:00,25920.2578125,26041.80078125,24902.15234375,25124.67578125,14265717766,0.0,0.0
2023-06-15 00:00:00+00:00,25121.673828125,25735.30859375,24797.16796875,25576.39453125,15837384409,0.0,0.0
2023-06-16 00:00:00+00:00,25575.283203125,26463.173828125,25245.357421875,26327.462890625,16324646965,0.0,0.0
2023-06-17 00:00:00+00:00,26328.6796875,26769.39453125,26174.4921875,26510.67578125,11090276850,0.0,0.0
2023-06-18 00:00:00+00:00,26510.45703125,26675.92578125,26325.890625,26336.212890625,9565695129,0.0,0.0
2023-06-19 00:00:00+00:00,26335.44140625,26984.611328125,26312.83203125,26851.029296875,12826986222,0.0,0.0
2023-06-20 00:00:00+00:00,26841.6640625,28388.96875,26668.791015625,28327.48828125,22211859147,0.0,0.0
2023-06-21 00:00:00+00:00,28311.310546875,30737.330078125,28283.41015625,30027.296875,33346760979,0.0,0.0
2023-06-22 00:00:00+00:00,29995.935546875,30495.998046875,29679.158203125,29912.28125,20653160491,0.0,0.0
2023-06-23 00:00:00+00:00,29896.3828125,31389.5390625,29845.21484375,30695.46875,24115570085,0.0,0.0
2023-06-24 00:00:00+00:00,30708.73828125,30804.1484375,30290.146484375,30548.6953125,12147822496,0.0,0.0
2023-06-25 00:00:00+00:00,30545.150390625,31041.271484375,30327.943359375,30480.26171875,12703464114,0.0,0.0
2023-06-26 00:00:00+00:00,30480.5234375,30636.029296875,29955.744140625,30271.130859375,16493186997,0.0,0.0
2023-06-27 00:00:00+00:00,30274.3203125,31006.787109375,30236.650390625,30688.1640625,16428827944,0.0,0.0
2023-06-28 00:00:00+00:00,30696.560546875,30703.279296875,29921.822265625,30086.24609375,14571500779,0.0,0.0
2023-06-29 00:00:00+00:00,30086.1875,30796.25,30057.203125,30445.3515625,13180860821,0.0,0.0
2023-06-30 00:00:00+00:00,30441.353515625,31256.86328125,29600.275390625,30477.251953125,26387306197,0.0,0.0
2023-07-01 00:00:00+00:00,30471.84765625,30641.2890625,30328.865234375,30590.078125,9086606733,0.0,0.0
2023-07-02 00:00:00+00:00,30587.26953125,30766.140625,30264.01953125,30620.76953125,10533418042,0.0,0.0
2023-07-03 00:00:00+00:00,30624.515625,31375.61328125,30586.513671875,31156.439453125,15271884873,0.0,0.0
2023-07-04 00:00:00+00:00,31156.865234375,31325.197265625,30659.35546875,30777.58203125,12810828427,0.0,0.0
2023-07-05 00:00:00+00:00,30778.724609375,30877.330078125,30225.61328125,30514.166015625,12481622280,0.0,0.0
2023-07-06 00:00:00+00:00,30507.150390625,31460.052734375,29892.2265625,29909.337890625,21129219509,0.0,0.0
2023-07-07 00:00:00+00:00,29907.998046875,30434.64453125,29777.28515625,30342.265625,13384770155,0.0,0.0
2023-07-08 00:00:00+00:00,30346.921875,30374.4375,30080.16015625,30292.541015625,7509378699,0.0,0.0
2023-07-09 00:00:00+00:00,30291.611328125,30427.58984375,30085.591796875,30171.234375,7903327692,0.0,0.0
2023-07-10 00:00:00+00:00,30172.423828125,31026.083984375,29985.39453125,30414.470703125,14828209155,0.0,0.0
2023-07-11 00:00:00+00:00,30417.6328125,30788.314453125,30358.09765625,30620.951171875,12151839152,0.0,0.0
2023-07-12 00:00:00+00:00,30622.24609375,30959.96484375,30228.8359375,30391.646484375,14805659717,0.0,0.0
2023-07-13 00:00:00+00:00,30387.48828125,31814.515625,30268.3515625,31476.048828125,23686079548,0.0,0.0
2023-07-14 00:00:00+00:00,31474.720703125,31582.25390625,29966.38671875,30334.068359375,20917902660,0.0,0.0
2023-07-15 00:00:00+00:00,30331.783203125,30407.78125,30263.462890625,30295.806640625,8011667756,0.0,0.0
2023-07-16 00:00:00+00:00,30297.47265625,30437.560546875,30089.669921875,30249.1328125,8516564470,0.0,0.0
2023-07-17 00:00:00+00:00,30249.626953125,30336.400390625,29685.783203125,30145.888671875,13240156074,0.0,0.0
2023-07-18 00:00:00+00:00,30147.0703125,30233.65625,29556.427734375,29856.5625,13138897269,0.0,0.0
2023-07-19 00:00:00+00:00,29862.046875,30184.181640625,29794.26953125,29913.923828125,12128602812,0.0,0.0
2023-07-20 00:00:00+00:00,29915.25,30195.53125,29638.095703125,29792.015625,14655207121,0.0,0.0
2023-07-21 00:00:00+00:00,29805.111328125,30045.998046875,29733.8515625,29908.744140625,10972789818,0.0,0.0
2023-07-22 00:00:00+00:00,29908.697265625,29991.615234375,29664.12109375,29771.802734375,7873300598,0.0,0.0
2023-07-23 00:00:00+00:00,29790.111328125,30330.640625,29741.52734375,30084.5390625,9220145050,0.0,0.0
2023-07-24 00:00:00+00:00,30081.662109375,30093.39453125,28934.294921875,29176.916015625,15395817395,0.0,0.0
2023-07-25 00:00:00+00:00,29178.970703125,29353.16015625,29062.43359375,29227.390625,10266772793,0.0,0.0
2023-07-26 00:00:00+00:00,29225.759765625,29675.552734375,29113.912109375,29354.97265625,13497554655,0.0,0.0
2023-07-27 00:00:00+00:00,29353.798828125,29560.966796875,29099.3515625,29210.689453125,10770779217,0.0,0.0
2023-07-28 00:00:00+00:00,29212.1640625,29521.513671875,29125.845703125,29319.24609375,11218474952,0.0,0.0
2023-07-29 00:00:00+00:00,29319.4453125,29396.84375,29264.166015625,29356.91796875,6481775959,0.0,0.0
2023-07-30 00:00:00+00:00,29357.09375,29443.169921875,29059.501953125,29275.30859375,8678454527,0.0,0.0
2023-07-31 00:00:00+00:00,29278.314453125,29489.873046875,29131.578125,29230.111328125,11656781982,0.0,0.0
2023-08-01 00:00:00+00:00,29230.873046875,29675.732421875,28657.0234375,29675.732421875,18272392391,0.0,0.0
2023-08-02 00:00:00+00:00,29704.146484375,29987.998046875,28946.509765625,29151.958984375,19212655598,0.0,0.0
2023-08-03 00:00:00+00:00,29161.8125,29375.70703125,28959.48828125,29178.6796875,12780357746,0.0,0.0
2023-08-04 00:00:00+00:00,29174.3828125,29302.078125,28885.3359375,29074.091796875,12036639988,0.0,0.0
2023-08-05 00:00:00+00:00,29075.388671875,29102.46484375,28957.796875,29042.126953125,6598366353,0.0,0.0
2023-08-06 00:00:00+00:00,29043.701171875,29160.822265625,28963.833984375,29041.85546875,7269806994,0.0,0.0
2023-08-07 00:00:00+00:00,29038.513671875,29244.28125,28724.140625,29180.578125,13618163710,0.0,0.0
2023-08-08 00:00:00+00:00,29180.01953125,30176.796875,29113.814453125,29765.4921875,17570561357,0.0,0.0
2023-08-09 00:00:00+00:00,29766.6953125,30093.435546875,29376.80078125,29561.494140625,18379521213,0.0,0.0
2023-08-10 00:00:00+00:00,29563.97265625,29688.564453125,29354.447265625,29429.591796875,11865344789,0.0,0.0
2023-08-11 00:00:00+00:00,29424.90234375,29517.7734375,29253.517578125,29397.71484375,10195168197,0.0,0.0
2023-08-12 00:00:00+00:00,29399.787109375,29465.11328125,29357.587890625,29415.96484375,6194358008,0.0,0.0
2023-08-13 00:00:00+00:00,29416.59375,29441.43359375,29265.806640625,29282.9140625,7329897180,0.0,0.0
2023-08-14 00:00:00+00:00,29283.263671875,29660.25390625,29124.10546875,29408.443359375,14013695304,0.0,0.0
2023-08-15 00:00:00+00:00,29408.048828125,29439.12109375,29088.853515625,29170.34765625,12640195779,0.0,0.0
2023-08-16 00:00:00+00:00,29169.07421875,29221.9765625,28701.779296875,28701.779296875,14949271904,0.0,0.0
2023-08-17 00:00:00+00:00,28699.802734375,28745.947265625,25409.111328125,26664.55078125,31120851211,0.0,0.0
2023-08-18 00:00:00+00:00,26636.078125,26808.1953125,25668.921875,26049.556640625,24026236529,0.0,0.0
2023-08-19 00:00:00+00:00,26047.83203125,26249.44921875,25802.408203125,26096.205078125,10631443812,0.0,0.0
2023-08-20 00:00:00+00:00,26096.861328125,26260.681640625,26004.314453125,26189.583984375,9036580420,0.0,0.0
2023-08-21 00:00:00+00:00,26188.69140625,26220.201171875,25846.087890625,26124.140625,13371557893,0.0,0.0
2023-08-22 00:00:00+00:00,26130.748046875,26135.5078125,25520.728515625,26031.65625,14503820706,0.0,0.0
2023-08-23 00:00:00+00:00,26040.474609375,26786.8984375,25804.998046875,26431.640625,16985265785,0.0,0.0
2023-08-24 00:00:00+00:00,26431.51953125,26554.91015625,25914.92578125,26162.373046875,12871532023,0.0,0.0
2023-08-25 00:00:00+00:00,26163.6796875,26248.103515625,25786.8125,26047.66796875,12406045118,0.0,0.0
2023-08-26 00:00:00+00:00,26047.234375,26107.384765625,25983.87890625,26008.462890625,6034817316,0.0,0.0
2023-08-27 00:00:00+00:00,26008.2421875,26165.373046875,25965.09765625,26089.693359375,6913768611,0.0,0.0
2023-08-28 00:00:00+00:00,26089.615234375,26198.578125,25880.599609375,26106.150390625,11002805166,0.0,0.0
2023-08-29 00:00:00+00:00,26102.486328125,28089.337890625,25912.62890625,27727.392578125,29368391712,0.0,0.0
2023-08-30 00:00:00+00:00,27726.083984375,27760.16015625,27069.20703125,27297.265625,16343655235,0.0,0.0
2023-08-31 00:00:00+00:00,27301.9296875,27456.078125,25752.9296875,25931.47265625,20181001451,0.0,0.0
2023-09-01 00:00:00+00:00,25934.021484375,26125.869140625,25362.609375,25800.724609375,17202862221,0.0,0.0
2023-09-02 00:00:00+00:00,25800.91015625,25970.28515625,25753.09375,25868.798828125,10100387473,0.0,0.0
2023-09-03 00:00:00+00:00,25869.47265625,26087.1484375,25817.03125,25969.56640625,8962524523,0.0,0.0
2023-09-04 00:00:00+00:00,25968.169921875,26081.525390625,25657.025390625,25812.416015625,10680635106,0.0,0.0
2023-09-05 00:00:00+00:00,25814.95703125,25858.375,25589.98828125,25779.982421875,11094740040,0.0,0.0
2023-09-06 00:00:00+00:00,25783.931640625,25953.015625,25404.359375,25753.236328125,12752705327,0.0,0.0
2023-09-07 00:00:00+00:00,25748.3125,26409.302734375,25608.201171875,26240.1953125,11088307100,0.0,0.0
2023-09-08 00:00:00+00:00,26245.208984375,26414.005859375,25677.48046875,25905.654296875,10817356400,0.0,0.0
2023-09-09 00:00:00+00:00,25905.42578125,25921.9765625,25810.494140625,25895.677734375,5481314132,0.0,0.0
2023-09-10 00:00:00+00:00,25895.2109375,25978.130859375,25640.26171875,25832.2265625,7899553047,0.0,0.0
2023-09-11 00:00:00+00:00,25831.71484375,25883.947265625,24930.296875,25162.654296875,14600006467,0.0,0.0
2023-09-12 00:00:00+00:00,25160.658203125,26451.939453125,25133.078125,25833.34375,18657279324,0.0,0.0
2023-09-13 00:00:00+00:00,25837.5546875,26376.11328125,25781.123046875,26228.32421875,13072077070,0.0,0.0
2023-09-14 00:00:00+00:00,26228.27734375,26774.623046875,26171.451171875,26539.673828125,13811359124,0.0,0.0
2023-09-15 00:00:00+00:00,26533.818359375,26840.498046875,26240.701171875,26608.693359375,11479735788,0.0,0.0
2023-09-16 00:00:00+00:00,26606.19921875,26754.76953125,26473.890625,26568.28125,7402031417,0.0,0.0
2023-09-17 00:00:00+00:00,26567.927734375,26617.998046875,26445.07421875,26534.1875,6774210670,0.0,0.0
2023-09-18 00:00:00+00:00,26532.994140625,27414.734375,26415.515625,26754.28125,15615339655,0.0,0.0
2023-09-19 00:00:00+00:00,26760.8515625,27488.763671875,26681.60546875,27211.1171875,13807690550,0.0,0.0
2023-09-20 00:00:00+00:00,27210.228515625,27379.505859375,26864.08203125,27132.0078125,13281116604,0.0,0.0
2023-09-21 00:00:00+00:00,27129.83984375,27152.939453125,26389.30078125,26567.6328125,13371443708,0.0,0.0
2023-09-22 00:00:00+00:00,26564.056640625,26726.078125,26495.533203125,26579.568359375,10578746709,0.0,0.0
2023-09-23 00:00:00+00:00,26578.556640625,26634.185546875,26520.51953125,26579.390625,7404700301,0.0,0.0
2023-09-24 00:00:00+00:00,26579.373046875,26716.05859375,26221.05078125,26256.826171875,8192867686,0.0,0.0
2023-09-25 00:00:00+00:00,26253.775390625,26421.5078125,26011.46875,26298.48046875,11997833257,0.0,0.0
2023-09-26 00:00:00+00:00,26294.7578125,26389.884765625,26090.712890625,26217.25,9985498161,0.0,0.0
2023-09-27 00:00:00+00:00,26209.498046875,26817.841796875,26111.46484375,26352.716796875,11718380997,0.0,0.0
2023-09-28 00:00:00+00:00,26355.8125,27259.5,26327.322265625,27021.546875,14079002707,0.0,0.0
2023-09-29 00:00:00+00:00,27024.841796875,27225.9375,26721.763671875,26911.720703125,10396435377,0.0,0.0
2023-09-30 00:00:00+00:00,26911.689453125,27091.794921875,26888.96875,26967.916015625,5331172801,0.0,0.0
2023-10-01 00:00:00+00:00,26967.396484375,28047.23828125,26965.09375,27983.75,9503917434,0.0,0.0
2023-10-02 00:00:00+00:00,27976.798828125,28494.458984375,27347.787109375,27530.78515625,19793041322,0.0,0.0
2023-10-03 00:00:00+00:00,27508.251953125,27667.19140625,27216.001953125,27429.978515625,11407814187,0.0,0.0
2023-10-04 00:00:00+00:00,27429.07421875,27826.658203125,27248.10546875,27799.39453125,11143355314,0.0,0.0
2023-10-05 00:00:00+00:00,27798.646484375,28091.861328125,27375.6015625,27415.912109375,11877253670,0.0,0.0
2023-10-06 00:00:00+00:00,27412.123046875,28252.537109375,27215.552734375,27946.59765625,13492391599,0.0,0.0
2023-10-07 00:00:00+00:00,27946.78125,28028.091796875,27870.423828125,27968.83984375,6553044316,0.0,0.0
2023-10-08 00:00:00+00:00,27971.677734375,28102.169921875,27740.662109375,27935.08984375,7916875290,0.0,0.0
2023-10-09 00:00:00+00:00,27934.47265625,27989.470703125,27302.5625,27583.677734375,12007668568,0.0,0.0
2023-10-10 00:00:00+00:00,27589.201171875,27715.84765625,27301.654296875,27391.01953125,9973350678,0.0,0.0
2023-10-11 00:00:00+00:00,27392.076171875,27474.115234375,26561.099609375,26873.3203125,13648094333,0.0,0.0
2023-10-12 00:00:00+00:00,26873.29296875,26921.439453125,26558.3203125,26756.798828125,9392909295,0.0,0.0
2023-10-13 00:00:00+00:00,26752.87890625,27092.697265625,26686.322265625,26862.375,15165312851,0.0,0.0
2023-10-14 00:00:00+00:00,26866.203125,26969.0,26814.5859375,26861.70703125,5388116782,0.0,0.0
2023-10-15 00:00:00+00:00,26858.01171875,27289.169921875,26817.89453125,27159.65234375,7098201980,0.0,0.0
2023-10-16 00:00:00+00:00,27162.62890625,29448.138671875,27130.47265625,28519.466796875,27833876539,0.0,0.0
2023-10-17 00:00:00+00:00,28522.09765625,28618.751953125,28110.185546875,28415.748046875,14872527508,0.0,0.0
2023-10-18 00:00:00+00:00,28413.53125,28889.009765625,28174.251953125,28328.341796875,12724128586,0.0,0.0
2023-10-19 00:00:00+00:00,28332.416015625,28892.474609375,28177.98828125,28719.806640625,14448058195,0.0,0.0
2023-10-20 00:00:00+00:00,28732.8125,30104.0859375,28601.669921875,29682.94921875,21536125230,0.0,0.0
2023-10-21 00:00:00+00:00,29683.380859375,30287.482421875,29481.751953125,29918.412109375,11541146996,0.0,0.0
2023-10-22 00:00:00+00:00,29918.654296875,30199.43359375,29720.3125,29993.896484375,10446520040,0.0,0.0
2023-10-23 00:00:00+00:00,30140.685546875,34370.4375,30097.828125,33086.234375,38363572311,0.0,0.0
2023-10-24 00:00:00+00:00,33077.3046875,35150.43359375,32880.76171875,33901.52734375,44934999645,0.0,0.0
2023-10-25 00:00:00+00:00,33916.04296875,35133.7578125,33709.109375,34502.8203125,25254318008,0.0,0.0
2023-10-26 00:00:00+00:00,34504.2890625,34832.91015625,33762.32421875,34156.6484375,19427195376,0.0,0.0
2023-10-27 00:00:00+00:00,34156.5,34238.2109375,33416.88671875,33909.80078125,16418032871,0.0,0.0
2023-10-28 00:00:00+00:00,33907.72265625,34399.390625,33874.8046875,34089.57421875,10160330825,0.0,0.0
2023-10-29 00:00:00+00:00,34089.37109375,34743.26171875,33947.56640625,34538.48046875,11160323986,0.0,0.0
2023-10-30 00:00:00+00:00,34531.7421875,34843.93359375,34110.97265625,34502.36328125,17184860315,0.0,0.0
2023-10-31 00:00:00+00:00,34500.078125,34719.25390625,34083.30859375,34667.78125,15758270810,0.0,0.0
2023-11-01 00:00:00+00:00,34657.2734375,35527.9296875,34170.69140625,35437.25390625,22446272005,0.0,0.0
2023-11-02 00:00:00+00:00,35441.578125,35919.84375,34401.57421875,34938.2421875,20998158544,0.0,0.0
2023-11-03 00:00:00+00:00,34942.47265625,34942.47265625,34133.44140625,34732.32421875,17158456701,0.0,0.0
2023-11-04 00:00:00+00:00,34736.32421875,35256.03125,34616.69140625,35082.1953125,9561294264,0.0,0.0
2023-11-05 00:00:00+00:00,35090.01171875,35340.33984375,34594.2421875,35049.35546875,12412743996,0.0,0.0
2023-11-06 00:00:00+00:00,35044.7890625,35286.02734375,34765.36328125,35037.37109375,12693436420,0.0,0.0
2023-11-07 00:00:00+00:00,35047.79296875,35892.41796875,34545.81640625,35443.5625,18834737789,0.0,0.0
2023-11-08 00:00:00+00:00,35419.4765625,35994.41796875,35147.80078125,35655.27734375,17295394918,0.0,0.0
2023-11-09 00:00:00+00:00,35633.6328125,37926.2578125,35592.1015625,36693.125,37762672382,0.0,0.0
2023-11-10 00:00:00+00:00,36702.25,37493.80078125,36362.75390625,37313.96875,22711265155,0.0,0.0
2023-11-11 00:00:00+00:00,37310.0703125,37407.09375,36773.66796875,37138.05078125,13924272142,0.0,0.0
2023-11-12 00:00:00+00:00,37133.9921875,37227.69140625,36779.1171875,37054.51953125,11545715999,0.0,0.0
2023-11-13 00:00:00+00:00,37070.3046875,37405.1171875,36399.60546875,36502.35546875,19057712790,0.0,0.0
2023-11-14 00:00:00+00:00,36491.7890625,36753.3515625,34948.5,35537.640625,23857403554,0.0,0.0
2023-11-15 00:00:00+00:00,35548.11328125,37964.89453125,35383.78125,37880.58203125,27365821679,0.0,0.0
2023-11-16 00:00:00+00:00,37879.98046875,37934.625,35545.47265625,36154.76953125,26007385366,0.0,0.0
2023-11-17 00:00:00+00:00,36164.82421875,36704.484375,35901.234375,36596.68359375,22445028430,0.0,0.0
2023-11-18 00:00:00+00:00,36625.37109375,36839.28125,36233.3125,36585.703125,11886022717,0.0,0.0
2023-11-19 00:00:00+00:00,36585.765625,37509.35546875,36414.59765625,37386.546875,12915986553,0.0,0.0
2023-11-20 00:00:00+00:00,37374.07421875,37756.8203125,36882.53125,37476.95703125,20888209068,0.0,0.0
2023-11-21 00:00:00+00:00,37469.16015625,37631.140625,35813.8125,35813.8125,25172163756,0.0,0.0
2023-11-22 00:00:00+00:00,35756.5546875,37856.98046875,35670.97265625,37432.33984375,24397247860,0.0,0.0
2023-11-23 00:00:00+00:00,37420.43359375,37643.91796875,36923.86328125,37289.62109375,14214948217,0.0,0.0
2023-11-24 00:00:00+00:00,37296.31640625,38415.33984375,37261.60546875,37720.28125,22922957823,0.0,0.0
2023-11-25 00:00:00+00:00,37721.4140625,37892.4296875,37617.41796875,37796.79296875,9099571165,0.0,0.0
2023-11-26 00:00:00+00:00,37796.828125,37820.30078125,37162.75,37479.12109375,13744796068,0.0,0.0
2023-11-27 00:00:00+00:00,37454.19140625,37559.35546875,36750.12890625,37254.16796875,19002925720,0.0,0.0
2023-11-28 00:00:00+00:00,37247.9921875,38368.48046875,36891.08984375,37831.0859375,21696137014,0.0,0.0
2023-11-29 00:00:00+00:00,37826.10546875,38366.11328125,37612.6328125,37858.4921875,20728546658,0.0,0.0
2023-11-30 00:00:00+00:00,37861.1171875,38141.75390625,37531.140625,37712.74609375,18115982627,0.0,0.0
2023-12-01 00:00:00+00:00,37718.0078125,38954.109375,37629.359375,38688.75,23512784002,0.0,0.0
2023-12-02 00:00:00+00:00,38689.27734375,39678.9375,38652.59375,39476.33203125,15534035612,0.0,0.0
2023-12-03 00:00:00+00:00,39472.20703125,40135.60546875,39298.1640625,39978.390625,15769696322,0.0,0.0
2023-12-04 00:00:00+00:00,39978.62890625,42371.75,39978.62890625,41980.09765625,39856129827,0.0,0.0
2023-12-05 00:00:00+00:00,41986.265625,44408.6640625,41421.1484375,44080.6484375,36312154535,0.0,0.0
2023-12-06 00:00:00+00:00,44080.0234375,44265.76953125,43478.08203125,43746.4453125,29909761586,0.0,0.0
2023-12-07 00:00:00+00:00,43769.1328125,44042.58984375,42880.6484375,43292.6640625,27635760671,0.0,0.0
2023-12-08 00:00:00+00:00,43293.13671875,44705.515625,43125.296875,44166.6015625,24421116687,0.0,0.0
2023-12-09 00:00:00+00:00,44180.01953125,44361.2578125,43627.59765625,43725.984375,17368210171,0.0,0.0
2023-12-10 00:00:00+00:00,43728.3828125,44034.625,43593.28515625,43779.69921875,13000481418,0.0,0.0
2023-12-11 00:00:00+00:00,43792.01953125,43808.375,40234.578125,41243.83203125,40632672038,0.0,0.0
2023-12-12 00:00:00+00:00,41238.734375,42048.3046875,40667.5625,41450.22265625,24779520132,0.0,0.0
2023-12-13 00:00:00+00:00,41468.46484375,43429.78125,40676.8671875,42890.7421875,26797884674,0.0,0.0
2023-12-14 00:00:00+00:00,42884.26171875,43390.859375,41767.08984375,43023.97265625,25578530178,0.0,0.0
2023-12-15 00:00:00+00:00,43028.25,43087.82421875,41692.96875,41929.7578125,19639442462,0.0,0.0
2023-12-16 00:00:00+00:00,41937.7421875,42664.9453125,41723.11328125,42240.1171875,14386729590,0.0,0.0
2023-12-17 00:00:00+00:00,42236.109375,42359.49609375,41274.54296875,41364.6640625,16678702876,0.0,0.0
2023-12-18 00:00:00+00:00,41348.203125,42720.296875,40530.2578125,42623.5390625,25224642008,0.0,0.0
2023-12-19 00:00:00+00:00,42641.51171875,43354.296875,41826.3359375,42270.52734375,23171001281,0.0,0.0
2023-12-20 00:00:00+00:00,42261.30078125,44275.5859375,42223.81640625,43652.25,27868908174,0.0,0.0
2023-12-21 00:00:00+00:00,43648.125,44240.66796875,43330.05078125,43869.15234375,22452766169,0.0,0.0
2023-12-22 00:00:00+00:00,43868.98828125,44367.95703125,43441.96875,43997.90234375,21028503216,0.0,0.0
2023-12-23 00:00:00+00:00,44012.19921875,44015.69921875,43351.35546875,43739.54296875,13507796558,0.0,0.0
2023-12-24 00:00:00+00:00,43728.3671875,43945.5234375,42786.91796875,43016.1171875,18830554085,0.0,0.0
2023-12-25 00:00:00+00:00,43010.57421875,43765.09375,42765.76953125,43613.140625,21115795370,0.0,0.0
2023-12-26 00:00:00+00:00,43599.84765625,43603.17578125,41676.48828125,42520.40234375,30026850982,0.0,0.0
2023-12-27 00:00:00+00:00,42518.46875,43683.16015625,42167.58203125,43442.85546875,25260941032,0.0,0.0
2023-12-28 00:00:00+00:00,43468.19921875,43804.78125,42318.55078125,42627.85546875,22992093014,0.0,0.0
2023-12-29 00:00:00+00:00,42614.64453125,43124.32421875,41424.0625,42099.40234375,26000021055,0.0,0.0
2023-12-30 00:00:00+00:00,42091.75390625,42584.125,41556.2265625,42156.90234375,16013925945,0.0,0.0
2023-12-31 00:00:00+00:00,42152.09765625,42860.9375,41998.25390625,42265.1875,16397498810,0.0,0.0
2024-01-01 00:00:00+00:00,42280.234375,44175.4375,42214.9765625,44167.33203125,18426978443,0.0,0.0
2024-01-02 00:00:00+00:00,44187.140625,45899.70703125,44176.94921875,44957.96875,39335274536,0.0,0.0
2024-01-03 00:00:00+00:00,44961.6015625,45503.2421875,40813.53515625,42848.17578125,46342323118,0.0,0.0
2024-01-04 00:00:00+00:00,42855.81640625,44770.0234375,42675.17578125,44179.921875,30448091210,0.0,0.0
2024-01-05 00:00:00+00:00,44192.98046875,44353.28515625,42784.71875,44162.69140625,32336029347,0.0,0.0
2024-01-06 00:00:00+00:00,44178.953125,44227.6328125,43475.15625,43989.1953125,16092503468,0.0,0.0
2024-01-07 00:00:00+00:00,43998.46484375,44495.5703125,43662.23046875,43943.09765625,19330573863,0.0,0.0
2024-01-08 00:00:00+00:00,43948.70703125,47218.0,43244.08203125,46970.50390625,42746192015,0.0,0.0
2024-01-09 00:00:00+00:00,46987.640625,47893.69921875,45244.71484375,46139.73046875,39821290992,0.0,0.0
2024-01-10 00:00:00+00:00,46121.5390625,47647.22265625,44483.15234375,46627.77734375,50114613298,0.0,0.0
2024-01-11 00:00:00+00:00,46656.07421875,48969.37109375,45678.64453125,46368.5859375,45833734549,0.0,0.0
2024-01-12 00:00:00+00:00,46354.79296875,46498.13671875,41903.76953125,42853.16796875,43332698900,0.0,0.0
2024-01-13 00:00:00+00:00,42799.4453125,43234.66015625,42464.14453125,42842.3828125,20601860469,0.0,0.0
2024-01-14 00:00:00+00:00,42842.26171875,43065.59765625,41724.61328125,41796.26953125,17521429522,0.0,0.0
2024-01-15 00:00:00+00:00,41715.06640625,43319.72265625,41705.41796875,42511.96875,22320220558,0.0,0.0
2024-01-16 00:00:00+00:00,42499.3359375,43566.2734375,42085.99609375,43154.9453125,24062872740,0.0,0.0
2024-01-17 00:00:00+00:00,43132.1015625,43189.890625,42189.30859375,42742.65234375,20851232595,0.0,0.0
2024-01-18 00:00:00+00:00,42742.3125,42876.34765625,40631.171875,41262.05859375,25218357242,0.0,0.0
2024-01-19 00:00:00+00:00,41278.4609375,42134.16015625,40297.45703125,41618.40625,25752407154,0.0,0.0
2024-01-20 00:00:00+00:00,41624.58984375,41877.89453125,41446.82421875,41665.5859375,11586690904,0.0,0.0
2024-01-21 00:00:00+00:00,41671.48828125,41855.3671875,41497.0078125,41545.78515625,9344043642,0.0,0.0
2024-01-22 00:00:00+00:00,41553.65234375,41651.20703125,39450.1171875,39507.3671875,31338708143,0.0,0.0
2024-01-23 00:00:00+00:00,39518.71484375,40127.3515625,38521.89453125,39845.55078125,29244553045,0.0,0.0
2024-01-24 00:00:00+00:00,39877.59375,40483.78515625,39508.796875,40077.07421875,22359526178,0.0,0.0
2024-01-25 00:00:00+00:00,40075.55078125,40254.48046875,39545.6640625,39933.80859375,18491782013,0.0,0.0
2024-01-26 00:00:00+00:00,39936.81640625,42209.38671875,39825.69140625,41816.87109375,25598119893,0.0,0.0
2024-01-27 00:00:00+00:00,41815.625,42195.6328125,41431.28125,42120.0546875,11422941934,0.0,0.0
2024-01-28 00:00:00+00:00,42126.125,42797.17578125,41696.91015625,42035.59375,16858971687,0.0,0.0
2024-01-29 00:00:00+00:00,42030.9140625,43305.8671875,41818.33203125,43288.24609375,20668476578,0.0,0.0
2024-01-30 00:00:00+00:00,43300.2265625,43838.9453125,42711.37109375,42952.609375,23842814518,0.0,0.0
2024-01-31 00:00:00+00:00,42946.25,43717.40625,42298.9453125,42582.60546875,24673628793,0.0,0.0
2024-02-01 00:00:00+00:00,42569.76171875,43243.16796875,41879.19140625,43075.7734375,21423953779,0.0,0.0
2024-02-02 00:00:00+00:00,43077.640625,43422.48828125,42584.3359375,43185.859375,18603843039,0.0,0.0
2024-02-03 00:00:00+00:00,43184.96484375,43359.94140625,42890.80859375,42992.25,11169245236,0.0,0.0
2024-02-04 00:00:00+00:00,42994.94140625,43097.64453125,42374.83203125,42583.58203125,14802225490,0.0,0.0
2024-02-05 00:00:00+00:00,42577.62109375,43494.25,42264.81640625,42658.66796875,18715487317,0.0,0.0
2024-02-06 00:00:00+00:00,42657.390625,43344.1484375,42529.01953125,43084.671875,16798476726,0.0,0.0
2024-02-07 00:00:00+00:00,43090.01953125,44341.94921875,42775.95703125,44318.22265625,21126587775,0.0,0.0
2024-02-08 00:00:00+00:00,44332.125,45575.83984375,44332.125,45301.56640625,26154524080,0.0,0.0
2024-02-09 00:00:00+00:00,45297.3828125,48152.49609375,45260.82421875,47147.19921875,39316770844,0.0,0.0
2024-02-10 00:00:00+00:00,47153.52734375,48146.171875,46905.3203125,47771.27734375,16398681570,0.0,0.0
2024-02-11 00:00:00+00:00,47768.96875,48535.9375,47617.40625,48293.91796875,19315867136,0.0,0.0
2024-02-12 00:00:00+00:00,48296.38671875,50280.4765625,47745.76171875,49958.22265625,34511985805,0.0,0.0
2024-02-13 00:00:00+00:00,49941.359375,50358.390625,48406.49609375,49742.44140625,35593051468,0.0,0.0
2024-02-14 00:00:00+00:00,49733.4453125,52021.37109375,49296.83203125,51826.6953125,39105608050,0.0,0.0
2024-02-15 00:00:00+00:00,51836.78515625,52820.06640625,51371.62890625,51938.5546875,38564360533,0.0,0.0
2024-02-16 00:00:00+00:00,51937.7265625,52537.96875,51641.3671875,52160.203125,28180567298,0.0,0.0
2024-02-17 00:00:00+00:00,52161.67578125,52191.9140625,50669.66796875,51662.99609375,20009091006,0.0,0.0
2024-02-18 00:00:00+00:00,51661.96875,52356.96484375,51233.70703125,52122.546875,17595377311,0.0,0.0
2024-02-19 00:00:00+00:00,52134.8125,52483.32421875,51711.8203125,51779.14453125,21362184346,0.0,0.0
2024-02-20 00:00:00+00:00,51777.7265625,52945.05078125,50792.3125,52284.875,33353758256,0.0,0.0
2024-02-21 00:00:00+00:00,52273.53515625,52368.81640625,50671.7578125,51839.1796875,28624907020,0.0,0.0
2024-02-22 00:00:00+00:00,51854.64453125,52009.61328125,50926.29296875,51304.97265625,25413900611,0.0,0.0
2024-02-23 00:00:00+00:00,51283.90625,51497.93359375,50561.77734375,50731.94921875,21427078270,0.0,0.0
2024-02-24 00:00:00+00:00,50736.37109375,51684.1953125,50585.4453125,51571.1015625,15174077879,0.0,0.0
2024-02-25 00:00:00+00:00,51565.21484375,51950.02734375,51306.171875,51733.23828125,15413239245,0.0,0.0
2024-02-26 00:00:00+00:00,51730.5390625,54938.17578125,50931.03125,54522.40234375,34074411896,0.0,0.0
2024-02-27 00:00:00+00:00,54519.36328125,57537.83984375,54484.19921875,57085.37109375,49756832031,0.0,0.0
2024-02-28 00:00:00+00:00,57071.09765625,63913.1328125,56738.42578125,62504.7890625,83239156760,0.0,0.0
2024-02-29 00:00:00+00:00,62499.18359375,63585.64453125,60498.73046875,61198.3828125,65496611844,0.0,0.0
2024-03-01 00:00:00+00:00,61168.0625,63155.1015625,60802.52734375,62440.6328125,40186368423,0.0,0.0
2024-03-02 00:00:00+00:00,62431.65234375,62458.69921875,61657.2890625,62029.84765625,23888473685,0.0,0.0
2024-03-03 00:00:00+00:00,62031.578125,63230.2109375,61435.0234375,63167.37109375,26253811450,0.0,0.0
2024-03-04 00:00:00+00:00,63137.00390625,68537.03125,62386.51953125,68330.4140625,70670471105,0.0,0.0
2024-03-05 00:00:00+00:00,68341.0546875,69170.625,59323.91015625,63801.19921875,102802940877,0.0,0.0
2024-03-06 00:00:00+00:00,63776.05078125,67637.9296875,62848.671875,66106.8046875,68750229073,0.0,0.0
2024-03-07 00:00:00+00:00,66099.7421875,68029.921875,65655.53125,66925.484375,46989543159,0.0,0.0
2024-03-08 00:00:00+00:00,66938.09375,70083.0546875,66230.453125,68300.09375,59202881172,0.0,0.0
2024-03-09 00:00:00+00:00,68299.2578125,68673.0546875,68053.125,68498.8828125,21609650379,0.0,0.0
2024-03-10 00:00:00+00:00,68500.2578125,70005.203125,68239.9765625,69019.7890625,35683977532,0.0,0.0
2024-03-11 00:00:00+00:00,69020.546875,72850.7109375,67194.8828125,72123.90625,65716656765,0.0,0.0
2024-03-12 00:00:00+00:00,72125.125,72825.65625,68728.8515625,71481.2890625,62554434520,0.0,0.0
2024-03-13 00:00:00+00:00,71482.1171875,73637.4765625,71334.09375,73083.5,48212536929,0.0,0.0
2024-03-14 00:00:00+00:00,73079.375,73750.0703125,68563.0234375,71396.59375,59594605698,0.0,0.0
2024-03-15 00:00:00+00:00,71387.875,72357.1328125,65630.6953125,69403.7734375,78320453976,0.0,0.0
2024-03-16 00:00:00+00:00,69392.484375,70046.2734375,64801.39453125,65315.1171875,46842198371,0.0,0.0
2024-03-17 00:00:00+00:00,65316.34375,68845.71875,64545.31640625,68390.625,44716864318,0.0,0.0
2024-03-18 00:00:00+00:00,68371.3046875,68897.1328125,66594.2265625,67548.59375,49261579492,0.0,0.0
2024-03-19 00:00:00+00:00,67556.1328125,68106.9296875,61536.1796875,61912.7734375,74215844794,0.0,0.0
2024-03-20 00:00:00+00:00,61930.15625,68115.2578125,60807.78515625,67913.671875,66792634382,0.0,0.0
2024-03-21 00:00:00+00:00,67911.5859375,68199.9921875,64580.91796875,65491.390625,44480350565,0.0,0.0
2024-03-22 00:00:00+00:00,65489.9296875,66623.75,62355.37109375,63778.76171875,41401116964,0.0,0.0
2024-03-23 00:00:00+00:00,63802.72265625,65976.3984375,63038.4921875,64062.203125,24738964812,0.0,0.0
2024-03-24 00:00:00+00:00,64070.75390625,67622.7578125,63825.8515625,67234.171875,27206630673,0.0,0.0
2024-03-25 00:00:00+00:00,67234.09375,71162.59375,66414.8359375,69958.8125,42700139523,0.0,0.0
2024-03-26 00:00:00+00:00,69931.328125,71535.7421875,69335.609375,69987.8359375,36010437368,0.0,0.0
2024-03-27 00:00:00+00:00,69991.8984375,71727.6875,68381.9296875,69455.34375,40827113309,0.0,0.0
2024-03-28 00:00:00+00:00,69452.7734375,71546.0234375,68895.5078125,70744.953125,34374900617,0.0,0.0
2024-03-29 00:00:00+00:00,70744.796875,70913.09375,69076.65625,69892.828125,25230851763,0.0,0.0
2024-03-30 00:00:00+00:00,69893.4453125,70355.4921875,69601.0625,69645.3046875,17130241883,0.0,0.0
2024-03-31 00:00:00+00:00,69647.78125,71377.78125,69624.8671875,71333.6484375,20050941373,0.0,0.0
2024-04-01 00:00:00+00:00,71333.484375,71342.09375,68110.6953125,69702.1484375,34873527352,0.0,0.0
2024-04-02 00:00:00+00:00,69705.0234375,69708.3828125,64586.59375,65446.97265625,50705240709,0.0,0.0
2024-04-03 00:00:00+00:00,65446.671875,66914.3203125,64559.8984375,65980.8125,34488018367,0.0,0.0
2024-04-04 00:00:00+00:00,65975.6953125,69291.2578125,65113.796875,68508.84375,34439527442,0.0,0.0
2024-04-05 00:00:00+00:00,68515.7578125,68725.7578125,66011.4765625,67837.640625,33748230056,0.0,0.0
2024-04-06 00:00:00+00:00,67840.5703125,69629.6015625,67491.71875,68896.109375,19967785809,0.0,0.0
2024-04-07 00:00:00+00:00,68897.109375,70284.4296875,68851.6328125,69362.5546875,21204930369,0.0,0.0
2024-04-08 00:00:00+00:00,69362.5546875,72715.359375,69064.2421875,71631.359375,37261432669,0.0,0.0
2024-04-09 00:00:00+00:00,71632.5,71742.5078125,68212.921875,69139.015625,36426900409,0.0,0.0
2024-04-10 00:00:00+00:00,69140.2421875,71093.4296875,67503.5625,70587.8828125,38318601774,0.0,0.0
2024-04-11 00:00:00+00:00,70575.734375,71256.234375,69571.8125,70060.609375,30153382941,0.0,0.0
2024-04-12 00:00:00+00:00,70061.3828125,71222.7421875,65254.8359375,67195.8671875,44129299406,0.0,0.0
2024-04-13 00:00:00+00:00,67188.375,67931.4296875,60919.10546875,63821.47265625,52869738185,0.0,0.0
2024-04-14 00:00:00+00:00,63836.23046875,65824.4296875,62205.8515625,65738.7265625,49084320047,0.0,0.0
2024-04-15 00:00:00+00:00,65739.6484375,66878.6484375,62332.0703125,63426.2109375,43595917654,0.0,0.0
2024-04-16 00:00:00+00:00,63419.296875,64355.66796875,61716.40234375,63811.86328125,42847528078,0.0,0.0
2024-04-17 00:00:00+00:00,63831.84765625,64486.36328125,59768.5859375,61276.69140625,41915247049,0.0,0.0
2024-04-18 00:00:00+00:00,61275.31640625,64125.6875,60833.48046875,63512.75390625,36006307335,0.0,0.0
2024-04-19 00:00:00+00:00,63510.75,65481.59765625,59651.390625,63843.5703125,49920425401,0.0,0.0
2024-04-20 00:00:00+00:00,63851.1015625,65442.45703125,63172.40234375,64994.44140625,23097485495,0.0,0.0
2024-04-21 00:00:00+00:00,64992.81640625,65723.2421875,64277.72265625,64926.64453125,20506644853,0.0,0.0
2024-04-22 00:00:00+00:00,64935.6328125,67233.9609375,64548.1796875,66837.6796875,28282686673,0.0,0.0
2024-04-23 00:00:00+00:00,66839.890625,67199.2421875,65864.8671875,66407.2734375,24310975583,0.0,0.0
2024-04-24 00:00:00+00:00,66408.71875,67075.3671875,63589.87109375,64276.8984375,30276655120,0.0,0.0
2024-04-25 00:00:00+00:00,64275.01953125,65275.20703125,62783.6328125,64481.70703125,32155786816,0.0,0.0
2024-04-26 00:00:00+00:00,64485.37109375,64789.65625,63322.3984375,63755.3203125,24139372950,0.0,0.0
2024-04-27 00:00:00+00:00,63750.98828125,63898.36328125,62424.71875,63419.140625,19530783039,0.0,0.0
2024-04-28 00:00:00+00:00,63423.515625,64321.484375,62793.59765625,63113.23046875,17334827993,0.0,0.0
2024-04-29 00:00:00+00:00,63106.36328125,64174.87890625,61795.45703125,63841.12109375,26635912073,0.0,0.0
2024-04-30 00:00:00+00:00,63839.41796875,64703.33203125,59120.06640625,60636.85546875,37840840057,0.0,0.0
2024-05-01 00:00:00+00:00,60609.49609375,60780.5,56555.29296875,58254.01171875,48439780271,0.0,0.0
2024-05-02 00:00:00+00:00,58253.703125,59602.296875,56937.203125,59123.43359375,32711813559,0.0,0.0
2024-05-03 00:00:00+00:00,59122.30078125,63320.50390625,58848.3125,62889.8359375,33172023048,0.0,0.0
2024-05-04 00:00:00+00:00,62891.03125,64494.95703125,62599.3515625,63891.47265625,20620477992,0.0,0.0
2024-05-05 00:00:00+00:00,63892.453125,64610.890625,62955.3046875,64031.1328125,18296164805,0.0,0.0
2024-05-06 00:00:00+00:00,64038.3125,65494.90234375,62746.23828125,63161.94921875,28697928697,0.0,0.0
2024-05-07 00:00:00+00:00,63162.76171875,64390.45703125,62285.98046875,62334.81640625,25930730982,0.0,0.0
2024-05-08 00:00:00+00:00,62332.640625,62986.0859375,60877.12890625,61187.94140625,26088172222,0.0,0.0
2024-05-09 00:00:00+00:00,61191.19921875,63404.9140625,60648.07421875,63049.9609375,25453338161,0.0,0.0
2024-05-10 00:00:00+00:00,63055.19140625,63446.7421875,60208.78125,60792.77734375,27804954694,0.0,0.0
2024-05-11 00:00:00+00:00,60793.35546875,61451.15234375,60492.625,60793.7109375,13842272968,0.0,0.0
2024-05-12 00:00:00+00:00,60793.50390625,61818.15625,60632.6015625,61448.39453125,13800459405,0.0,0.0
2024-05-13 00:00:00+00:00,61451.21875,63422.66015625,60769.83984375,62901.44921875,27889181179,0.0,0.0
2024-05-14 00:00:00+00:00,62900.7734375,63092.125,61123.765625,61552.7890625,28186271527,0.0,0.0
2024-05-15 00:00:00+00:00,61553.98828125,66454.453125,61330.41015625,66267.4921875,39815167074,0.0,0.0
2024-05-16 00:00:00+00:00,66256.109375,66712.4296875,64613.0546875,65231.58203125,31573077994,0.0,0.0
2024-05-17 00:00:00+00:00,65231.296875,67459.4609375,65119.31640625,67051.875,28031279310,0.0,0.0
2024-05-18 00:00:00+00:00,67066.2109375,67387.328125,66663.5,66940.8046875,16712277406,0.0,0.0
2024-05-19 00:00:00+00:00,66937.9296875,67694.296875,65937.1796875,66278.3671875,19249094538,0.0,0.0
2024-05-20 00:00:00+00:00,66278.7421875,71483.5625,66086.171875,71448.1953125,43850655717,0.0,0.0
2024-05-21 00:00:00+00:00,71443.0625,71946.4609375,69191.125,70136.53125,46932005990,0.0,0.0
2024-05-22 00:00:00+00:00,70135.3203125,70623.6953125,68977.6953125,69122.3359375,32802561717,0.0,0.0
2024-05-23 00:00:00+00:00,69121.3046875,70041.2734375,66356.953125,67929.5625,41895680979,0.0,0.0
2024-05-24 00:00:00+00:00,67928.1328125,69220.296875,66622.671875,68526.1015625,29197308153,0.0,0.0
2024-05-25 00:00:00+00:00,68526.921875,69579.3203125,68515.8203125,69265.9453125,15473071741,0.0,0.0
2024-05-26 00:00:00+00:00,69264.2890625,69506.2265625,68183.890625,68518.09375,15628433737,0.0,0.0
2024-05-27 00:00:00+00:00,68512.1796875,70597.8828125,68232.5,69394.5546875,25870990717,0.0,0.0
2024-05-28 00:00:00+00:00,69392.1953125,69514.640625,67227.15625,68296.21875,32722265965,0.0,0.0
2024-05-29 00:00:00+00:00,68296.3515625,68852.4609375,67101.4921875,67578.09375,26707072906,0.0,0.0
2024-05-30 00:00:00+00:00,67576.0859375,69500.5390625,67118.078125,68364.9921875,29509712534,0.0,0.0
2024-05-31 00:00:00+00:00,68362.515625,68999.5625,66633.421875,67491.4140625,27387283769,0.0,0.0
2024-06-01 00:00:00+00:00,67489.609375,67839.765625,67386.1953125,67706.9375,11641495604,0.0,0.0
2024-06-02 00:00:00+00:00,67710.2734375,68409.1640625,67315.5234375,67751.6015625,17110588415,0.0,0.0
2024-06-03 00:00:00+00:00,67753.8984375,70230.8203125,67589.8359375,68804.78125,32401285324,0.0,0.0
2024-06-04 00:00:00+00:00,68804.5703125,71047.40625,68564.640625,70567.765625,33149696545,0.0,0.0
2024-06-05 00:00:00+00:00,70568.3515625,71735.4140625,70390.7109375,71082.8203125,32810771409,0.0,0.0
2024-06-06 00:00:00+00:00,71082.84375,71625.734375,70119.125,70757.1640625,25223152007,0.0,0.0
2024-06-07 00:00:00+00:00,70759.1875,71907.8515625,68507.2578125,69342.5859375,36188381096,0.0,0.0
2024-06-08 00:00:00+00:00,69324.1796875,69533.3203125,69210.7421875,69305.7734375,14262185861,0.0,0.0
2024-06-09 00:00:00+00:00,69297.4921875,69817.5234375,69160.84375,69647.9921875,13534028500,0.0,0.0
2024-06-10 00:00:00+00:00,69644.3125,70146.0703125,69232.421875,69512.28125,20597699541,0.0,0.0
2024-06-11 00:00:00+00:00,69508.078125,69549.4140625,66123.6015625,67332.03125,37116136345,0.0,0.0
2024-06-12 00:00:00+00:00,67321.375,69977.890625,66902.453125,68241.1875,34497940694,0.0,0.0
2024-06-13 00:00:00+00:00,68243.1015625,68365.78125,66304.5625,66756.3984375,28955204146,0.0,0.0
2024-06-14 00:00:00+00:00,66747.5703125,67294.6484375,65056.89453125,66011.09375,27403884779,0.0,0.0
2024-06-15 00:00:00+00:00,66006.7421875,66402.1875,65871.7734375,66191.0,14121265576,0.0,0.0
2024-06-16 00:00:00+00:00,66189.359375,66894.84375,66018.25,66639.046875,13281140541,0.0,0.0
2024-06-17 00:00:00+00:00,66636.515625,67188.3203125,65094.96484375,66490.296875,30006354476,0.0,0.0
2024-06-18 00:00:00+00:00,66490.9765625,66556.703125,64066.95703125,65140.74609375,39481285950,0.0,0.0
2024-06-19 00:00:00+00:00,65146.66015625,65695.3515625,64693.30078125,64960.296875,21103423504,0.0,0.0
2024-06-20 00:00:00+00:00,64960.296875,66438.9609375,64547.84765625,64828.65625,25641109124,0.0,0.0
2024-06-21 00:00:00+00:00,64837.98828125,65007.546875,63378.89453125,64096.19921875,26188171739,0.0,0.0
2024-06-22 00:00:00+00:00,64113.86328125,64475.46875,63929.7578125,64252.578125,9858198793,0.0,0.0
2024-06-23 00:00:00+00:00,64248.96484375,64491.703125,63180.796875,63180.796875,11170471802,0.0,0.0
2024-06-24 00:00:00+00:00,63173.3515625,63292.52734375,58601.69921875,60277.4140625,43152133651,0.0,0.0
2024-06-25 00:00:00+00:00,60266.28125,62258.26171875,60239.75,61804.640625,29201215431,0.0,0.0
2024-06-26 00:00:00+00:00,61789.67578125,62434.13671875,60695.1875,60811.27734375,22506003064,0.0,0.0
2024-06-27 00:00:00+00:00,60811.2265625,62293.86328125,60585.33203125,61604.80078125,21231745045,0.0,0.0
2024-06-28 00:00:00+00:00,61612.8046875,62126.09765625,59985.40234375,60320.13671875,24952866877,0.0,0.0
2024-06-29 00:00:00+00:00,60319.875,61097.62109375,60300.96484375,60887.37890625,12652903396,0.0,0.0
2024-06-30 00:00:00+00:00,60888.4453125,62892.828125,60632.94921875,62678.29296875,17333226409,0.0,0.0
2024-07-01 00:00:00+00:00,62673.60546875,63777.2265625,62495.51171875,62851.98046875,25468379421,0.0,0.0
2024-07-02 00:00:00+00:00,62844.41015625,63203.359375,61752.74609375,62029.015625,20151616992,0.0,0.0
2024-07-03 00:00:00+00:00,62034.33203125,62187.703125,59419.38671875,60173.921875,29756701685,0.0,0.0
2024-07-04 00:00:00+00:00,60147.13671875,60399.67578125,56777.8046875,56977.703125,41149609230,0.0,0.0
2024-07-05 00:00:00+00:00,57022.80859375,57497.15234375,53717.375,56662.375,55417544033,0.0,0.0
2024-07-06 00:00:00+00:00,56659.07421875,58472.546875,56038.9609375,58303.5390625,20610320577,0.0,0.0
2024-07-07 00:00:00+00:00,58239.4296875,58371.12109375,55793.32421875,55849.109375,20553359505,0.0,0.0
2024-07-08 00:00:00+00:00,55849.57421875,58131.3359375,54321.01953125,56705.09765625,39766159899,0.0,0.0
2024-07-09 00:00:00+00:00,56704.59765625,58239.1953125,56316.875,58009.2265625,27849512607,0.0,0.0
2024-07-10 00:00:00+00:00,58033.8828125,59359.43359375,57178.4140625,57742.49609375,26175260526,0.0,0.0
2024-07-11 00:00:00+00:00,57729.890625,59299.43359375,57120.37890625,57344.9140625,28707803842,0.0,0.0
2024-07-12 00:00:00+00:00,57341.1953125,58532.5546875,56590.17578125,57899.46484375,25604805221,0.0,0.0
2024-07-13 00:00:00+00:00,57908.73828125,59787.078125,57796.44140625,59231.953125,17080061806,0.0,0.0
2024-07-14 00:00:00+00:00,59225.25,61329.52734375,59225.25,60787.79296875,22223416061,0.0,0.0
2024-07-15 00:00:00+00:00,60815.45703125,64870.15234375,60704.9296875,64870.15234375,38094526099,0.0,0.0
2024-07-16 00:00:00+00:00,64784.41796875,65354.33984375,62487.96875,65097.1484375,41617346768,0.0,0.0
2024-07-17 00:00:00+00:00,65091.83203125,66066.734375,63896.0859375,64118.79296875,32525071311,0.0,0.0
2024-07-18 00:00:00+00:00,64104.73828125,65104.66015625,63246.1640625,63974.06640625,27239305337,0.0,0.0
2024-07-19 00:00:00+00:00,63972.32421875,67442.640625,63329.34375,66710.15625,37003855410,0.0,0.0
2024-07-20 00:00:00+00:00,66709.921875,67610.734375,66299.6171875,67163.6484375,19029581250,0.0,0.0
2024-07-21 00:00:00+00:00,67164.9140625,68372.90625,65842.296875,68154.5234375,26652190004,0.0,0.0
2024-07-22 00:00:00+00:00,68152.9765625,68480.0625,66611.296875,67585.25,42649109453,0.0,0.0
2024-07-23 00:00:00+00:00,67584.8046875,67779.015625,65484.4609375,65927.671875,35605668666,0.0,0.0
2024-07-24 00:00:00+00:00,65927.859375,67113.984375,65146.99609375,65372.1328125,27470942309,0.0,0.0
2024-07-25 00:00:00+00:00,65375.875,66112.421875,63473.47265625,65777.2265625,38315761670,0.0,0.0
2024-07-26 00:00:00+00:00,65771.8125,68207.6015625,65743.765625,67912.0625,30488630457,0.0,0.0
2024-07-27 00:00:00+00:00,67911.8125,69398.5078125,66705.21875,67813.3359375,34691905492,0.0,0.0
2024-07-28 00:00:00+00:00,67808.65625,68301.8515625,67085.828125,68255.8671875,18043166945,0.0,0.0
2024-07-29 00:00:00+00:00,68259.0546875,69987.5390625,66532.59375,66819.9140625,40780682628,0.0,0.0
2024-07-30 00:00:00+00:00,66819.0546875,66987.671875,65323.19140625,66201.015625,31380492109,0.0,0.0
2024-07-31 00:00:00+00:00,66201.2734375,66810.2109375,64532.046875,64619.25,31292785994,0.0,0.0
2024-08-01 00:00:00+00:00,64625.83984375,65593.2421875,62248.94140625,65357.5,40975554494,0.0,0.0
2024-08-02 00:00:00+00:00,65353.5,65523.22265625,61184.89453125,61415.06640625,43060875727,0.0,0.0
2024-08-03 00:00:00+00:00,61414.80859375,62148.37109375,59836.52734375,60680.09375,31753030589,0.0,0.0
2024-08-04 00:00:00+00:00,60676.09375,61062.98828125,57210.8046875,58116.9765625,31758917219,0.0,0.0
2024-08-05 00:00:00+00:00,58110.296875,58268.828125,49121.23828125,53991.45703125,108991085584,0.0,0.0
2024-08-06 00:00:00+00:00,53991.34765625,57059.91796875,53973.2734375,56034.31640625,49300484106,0.0,0.0
2024-08-07 00:00:00+00:00,56040.6328125,57726.8828125,54620.5078125,55027.4609375,41637562185,0.0,0.0
2024-08-08 00:00:00+00:00,55030.02734375,62673.765625,54766.7265625,61710.13671875,45298472567,0.0,0.0
2024-08-09 00:00:00+00:00,61728.20703125,61751.86328125,59587.859375,60880.11328125,33425553115,0.0,0.0
2024-08-10 00:00:00+00:00,60881.23046875,61464.51171875,60287.56640625,60945.8125,15745822278,0.0,0.0
2024-08-11 00:00:00+00:00,60944.890625,61778.66015625,58348.82421875,58719.484375,22759754812,0.0,0.0
2024-08-12 00:00:00+00:00,58719.39453125,60680.33203125,57688.8984375,59354.515625,37078637820,0.0,0.0
2024-08-13 00:00:00+00:00,59356.20703125,61572.3984375,58506.25390625,60609.56640625,30327698167,0.0,0.0
2024-08-14 00:00:00+00:00,60611.05078125,61687.7578125,58472.875,58737.26953125,29961696180,0.0,0.0
2024-08-15 00:00:00+00:00,58733.26171875,59838.6484375,56161.59375,57560.09765625,35682112440,0.0,0.0
2024-08-16 00:00:00+00:00,57560.2734375,59847.359375,57110.01953125,58894.10546875,29350938673,0.0,0.0
2024-08-17 00:00:00+00:00,58893.53125,59694.66796875,58814.83203125,59478.97265625,13589684021,0.0,0.0
2024-08-18 00:00:00+00:00,59468.1328125,60262.71875,58445.40234375,58483.96484375,17740625837,0.0,0.0
2024-08-19 00:00:00+00:00,58480.7109375,59612.66015625,57864.7109375,59493.453125,25911207712,0.0,0.0
2024-08-20 00:00:00+00:00,59493.453125,61396.328125,58610.8828125,59012.79296875,31613400008,0.0,0.0
2024-08-21 00:00:00+00:00,59014.98828125,61834.3515625,58823.4453125,61175.19140625,32731154072,0.0,0.0
2024-08-22 00:00:00+00:00,61168.31640625,61408.109375,59815.25390625,60381.9140625,27625734377,0.0,0.0
2024-08-23 00:00:00+00:00,60380.953125,64947.0625,60372.05078125,64094.35546875,42530509233,0.0,0.0
2024-08-24 00:00:00+00:00,64103.87109375,64513.7890625,63619.91796875,64178.9921875,21430585163,0.0,0.0
2024-08-25 00:00:00+00:00,64176.3671875,64996.421875,63833.51953125,64333.54296875,18827683555,0.0,0.0
2024-08-26 00:00:00+00:00,64342.2265625,64489.70703125,62849.55859375,62880.66015625,27682040631,0.0,0.0
2024-08-27 00:00:00+00:00,62879.70703125,63210.796875,58116.75,59504.1328125,39103882198,0.0,0.0
2024-08-28 00:00:00+00:00,59507.92578125,60236.44921875,57890.67578125,59027.625,40289564698,0.0,0.0
2024-08-29 00:00:00+00:00,59027.46875,61184.08203125,58786.2265625,59388.1796875,32224990582,0.0,0.0
2024-08-30 00:00:00+00:00,59388.6015625,59896.88671875,57768.53125,59119.4765625,32292756405,0.0,0.0
2024-08-31 00:00:00+00:00,59117.48046875,59432.59375,58768.78515625,58969.8984375,12403470760,0.0,0.0
2024-09-01 00:00:00+00:00,58969.80078125,59062.0703125,57217.82421875,57325.48828125,24592449997,0.0,0.0
2024-09-02 00:00:00+00:00,57326.96875,59403.0703125,57136.02734375,59112.48046875,27036454524,0.0,0.0
2024-09-03 00:00:00+00:00,59106.19140625,59815.05859375,57425.16796875,57431.0234375,26666961053,0.0,0.0
2024-09-04 00:00:00+00:00,57430.34765625,58511.5703125,55673.1640625,57971.5390625,35627680312,0.0,0.0
2024-09-05 00:00:00+00:00,57971.703125,58300.58203125,55712.453125,56160.48828125,31030280656,0.0,0.0
2024-09-06 00:00:00+00:00,56160.19140625,56976.109375,52598.69921875,53948.75390625,49361693566,0.0,0.0
2024-09-07 00:00:00+00:00,53949.0859375,54838.14453125,53740.0703125,54139.6875,19061486526,0.0,0.0
2024-09-08 00:00:00+00:00,54147.93359375,55300.859375,53653.7578125,54841.56640625,18268287531,0.0,0.0
2024-09-09 00:00:00+00:00,54851.88671875,58041.125,54598.43359375,57019.53515625,34618096173,0.0,0.0
2024-09-10 00:00:00+00:00,57020.09765625,58029.9765625,56419.4140625,57648.7109375,28857630507,0.0,0.0
2024-09-11 00:00:00+00:00,57650.2890625,57991.3203125,55567.33984375,57343.171875,37049062672,0.0,0.0
2024-09-12 00:00:00+00:00,57343.171875,58534.359375,57330.1015625,58127.01171875,33835707949,0.0,0.0
2024-09-13 00:00:00+00:00,58130.32421875,60648.0234375,57650.11328125,60571.30078125,32490528356,0.0,0.0
2024-09-14 00:00:00+00:00,60569.1171875,60656.72265625,59517.8828125,60005.12109375,16428405496,0.0,0.0
2024-09-15 00:00:00+00:00,60000.7265625,60381.91796875,58696.30859375,59182.8359375,18120960867,0.0,0.0
2024-09-16 00:00:00+00:00,59185.2265625,59205.51171875,57501.33984375,58192.5078125,32032822113,0.0,0.0
2024-09-17 00:00:00+00:00,58192.5078125,61316.08984375,57628.0703125,60308.5390625,38075570118,0.0,0.0
2024-09-18 00:00:00+00:00,60309.0,61664.06640625,59218.25390625,61649.6796875,40990702891,0.0,0.0
2024-09-19 00:00:00+00:00,61651.15625,63872.44140625,61609.8671875,62940.45703125,42710252573,0.0,0.0
2024-09-20 00:00:00+00:00,62941.42578125,64119.53125,62364.60546875,63192.9765625,35177164222,0.0,0.0
2024-09-21 00:00:00+00:00,63184.33984375,63543.359375,62783.10546875,63394.83984375,14408616220,0.0,0.0
2024-09-22 00:00:00+00:00,63396.8046875,63993.421875,62440.7265625,63648.7109375,20183348802,0.0,0.0
2024-09-23 00:00:00+00:00,63643.1015625,64733.55859375,62628.078125,63329.80078125,31400285425,0.0,0.0
2024-09-24 00:00:00+00:00,63326.83984375,64695.21484375,62737.41796875,64301.96875,29938335243,0.0,0.0
2024-09-25 00:00:00+00:00,64302.58984375,64804.50390625,62945.375,63143.14453125,25078377700,0.0,0.0
2024-09-26 00:00:00+00:00,63138.546875,65790.796875,62669.26953125,65181.01953125,36873129847,0.0,0.0
2024-09-27 00:00:00+00:00,65180.6640625,66480.6953125,64852.9921875,65790.6640625,32058813449,0.0,0.0
2024-09-28 00:00:00+00:00,65792.1796875,66255.53125,65458.03515625,65887.6484375,15243637984,0.0,0.0
2024-09-29 00:00:00+00:00,65888.8984375,66069.34375,65450.015625,65635.3046875,14788214575,0.0,0.0
2024-09-30 00:00:00+00:00,65634.65625,65635.0546875,62873.6171875,63329.5,37112957475,0.0,0.0
2024-10-01 00:00:00+00:00,63335.60546875,64110.98046875,60189.27734375,60837.0078125,50220923500,0.0,0.0
2024-10-02 00:00:00+00:00,60836.32421875,62357.6875,59996.94921875,60632.78515625,40762722398,0.0,0.0
2024-10-03 00:00:00+00:00,60632.484375,61469.0390625,59878.8046875,60759.40234375,36106447279,0.0,0.0
2024-10-04 00:00:00+00:00,60754.625,62465.9921875,60459.94140625,62067.4765625,29585472513,0.0,0.0
2024-10-05 00:00:00+00:00,62067.609375,62371.0234375,61689.58203125,62089.94921875,13305410749,0.0,0.0
2024-10-06 00:00:00+00:00,62084.98828125,62959.5703125,61833.1484375,62818.953125,14776233667,0.0,0.0
2024-10-07 00:00:00+00:00,62819.109375,64443.70703125,62152.55078125,62236.66015625,34253562610,0.0,0.0
2024-10-08 00:00:00+00:00,62221.64453125,63174.3046875,61843.5625,62131.96875,28134475157,0.0,0.0
2024-10-09 00:00:00+00:00,62131.7265625,62508.8359375,60314.61328125,60582.1015625,27670982363,0.0,0.0
2024-10-10 00:00:00+00:00,60581.9296875,61236.72265625,58895.20703125,60274.5,30452813570,0.0,0.0
2024-10-11 00:00:00+00:00,60275.4609375,63400.87109375,60046.125,62445.08984375,30327141594,0.0,0.0
2024-10-12 00:00:00+00:00,62444.6171875,63448.78515625,62443.26953125,63193.0234375,16744110886,0.0,0.0
2024-10-13 00:00:00+00:00,63192.9453125,63272.65234375,62035.63671875,62851.375,18177529690,0.0,0.0
2024-10-14 00:00:00+00:00,62848.3984375,66482.4921875,62442.15234375,66046.125,43706958056,0.0,0.0
2024-10-15 00:00:00+00:00,66050.3671875,67881.6796875,64809.1953125,67041.109375,48863870879,0.0,0.0
2024-10-16 00:00:00+00:00,67042.4609375,68375.2890625,66758.7265625,67612.71875,38195189534,0.0,0.0
2024-10-17 00:00:00+00:00,67617.078125,67912.2109375,66647.390625,67399.8359375,32790898511,0.0,0.0
2024-10-18 00:00:00+00:00,67419.109375,68969.75,67177.8203125,68418.7890625,36857165014,0.0,0.0
2024-10-19 00:00:00+00:00,68418.9765625,68668.0078125,68024.640625,68362.734375,14443497908,0.0,0.0
2024-10-20 00:00:00+00:00,68364.1796875,69359.0078125,68105.71875,69001.703125,18975847518,0.0,0.0
2024-10-21 00:00:00+00:00,69002.0,69462.734375,66829.8515625,67367.8515625,37498611780,0.0,0.0
2024-10-22 00:00:00+00:00,67360.703125,67801.578125,66581.3671875,67361.40625,31808472566,0.0,0.0
2024-10-23 00:00:00+00:00,67362.375,67402.7421875,65188.03515625,66432.1953125,32263980353,0.0,0.0
2024-10-24 00:00:00+00:00,66653.703125,68798.9609375,66454.1015625,68161.0546875,31414428647,0.0,0.0
2024-10-25 00:00:00+00:00,68165.296875,68722.15625,65521.79296875,66642.4140625,41469984306,0.0,0.0
2024-10-26 00:00:00+00:00,66628.734375,67317.921875,66360.59375,67014.6953125,19588098156,0.0,0.0
2024-10-27 00:00:00+00:00,67023.4765625,68221.3125,66847.2265625,67929.296875,16721307878,0.0,0.0
2024-10-28 00:00:00+00:00,67922.671875,70212.265625,67535.1328125,69907.7578125,38799856657,0.0,0.0
2024-10-29 00:00:00+00:00,69910.046875,73577.2109375,69729.9140625,72720.4921875,58541874402,0.0,0.0
2024-10-30 00:00:00+00:00,72715.3671875,72905.296875,71411.734375,72339.5390625,40646637831,0.0,0.0
2024-10-31 00:00:00+00:00,72335.046875,72662.3125,69590.5,70215.1875,40627912076,0.0,0.0
2024-11-01 00:00:00+00:00,70216.8984375,71559.015625,68779.703125,69482.46875,49989795365,0.0,0.0
2024-11-02 00:00:00+00:00,69486.0234375,69867.3515625,69033.71875,69289.2734375,18184612091,0.0,0.0
2024-11-03 00:00:00+00:00,69296.3828125,69361.65625,67482.5234375,68741.1171875,34868307655,0.0,0.0
2024-11-04 00:00:00+00:00,68742.1328125,69433.1796875,66803.6484375,67811.5078125,41184819348,0.0,0.0
2024-11-05 00:00:00+00:00,67811.171875,70522.7890625,67458.8671875,69359.5625,46046889204,0.0,0.0
2024-11-06 00:00:00+00:00,69358.5,76460.15625,69322.03125,75639.078125,118592653963,0.0,0.0
2024-11-07 00:00:00+00:00,75637.0859375,76943.1171875,74480.421875,75904.859375,63467654989,0.0,0.0
2024-11-08 00:00:00+00:00,75902.8359375,77252.75,75648.7421875,76545.4765625,55176858003,0.0,0.0
2024-11-09 00:00:00+00:00,76556.1875,76932.765625,75773.7890625,76778.8671875,29009480361,0.0,0.0
2024-11-10 00:00:00+00:00,76775.546875,81474.421875,76565.4296875,80474.1875,82570594495,0.0,0.0
2024-11-11 00:00:00+00:00,80471.4140625,89604.5,80283.25,88701.484375,117966845037,0.0,0.0
2024-11-12 00:00:00+00:00,88705.5625,89956.8828125,85155.109375,87955.8125,133673285375,0.0,0.0
2024-11-13 00:00:00+00:00,87929.96875,93434.3515625,86256.9296875,90584.1640625,123559027869,0.0,0.0
2024-11-14 00:00:00+00:00,90574.8828125,91765.21875,86682.8125,87250.4296875,87616705248,0.0,0.0
2024-11-15 00:00:00+00:00,87284.1796875,91868.7421875,87124.8984375,91066.0078125,78243109518,0.0,0.0
2024-11-16 00:00:00+00:00,91064.3671875,91763.9453125,90094.2265625,90558.4765625,44333192814,0.0,0.0
2024-11-17 00:00:00+00:00,90558.4609375,91433.0390625,88741.6640625,89845.8515625,46350159305,0.0,0.0
2024-11-18 00:00:00+00:00,89843.71875,92596.7890625,89393.59375,90542.640625,75535775084,0.0,0.0
2024-11-19 00:00:00+00:00,90536.8125,94002.8671875,90426.984375,92343.7890625,74521048295,0.0,0.0
2024-11-20 00:00:00+00:00,92341.890625,94902.0234375,91619.5,94339.4921875,71730956426,0.0,0.0
2024-11-21 00:00:00+00:00,94334.640625,99014.21875,94132.6015625,98504.7265625,106024505582,0.0,0.0
2024-11-22 00:00:00+00:00,98496.4296875,99655.5,97222.6640625,98997.6640625,78473580551,0.0,0.0
2024-11-23 00:00:00+00:00,99006.7421875,99014.6796875,97232.890625,97777.28125,44414644677,0.0,0.0
2024-11-24 00:00:00+00:00,97778.09375,98647.1796875,95788.078125,98013.8203125,51712020623,0.0,0.0
2024-11-25 00:00:00+00:00,98033.4453125,98935.03125,92642.9140625,93102.296875,80909462490,0.0,0.0
2024-11-26 00:00:00+00:00,93087.28125,94991.75,90770.8125,91985.3203125,91656519855,0.0,0.0
2024-11-27 00:00:00+00:00,91978.140625,97361.1796875,91778.6640625,95962.53125,71133452438,0.0,0.0
2024-11-28 00:00:00+00:00,95954.9453125,96650.203125,94677.3515625,95652.46875,52260008261,0.0,0.0
2024-11-29 00:00:00+00:00,95653.953125,98693.171875,95407.8828125,97461.5234375,54968682476,0.0,0.0
2024-11-30 00:00:00+00:00,97468.8125,97499.34375,96144.21875,96449.0546875,31634227866,0.0,0.0
2024-12-01 00:00:00+00:00,96461.3359375,97888.125,95770.1875,97279.7890625,36590695296,0.0,0.0
2024-12-02 00:00:00+00:00,97276.0078125,98152.6015625,94482.8671875,95865.3046875,72680784305,0.0,0.0
2024-12-03 00:00:00+00:00,95854.59375,96297.203125,93629.5625,96002.1640625,67067810961,0.0,0.0
2024-12-04 00:00:00+00:00,95988.53125,99207.328125,94660.5234375,98768.53125,77199817112,0.0,0.0
2024-12-05 00:00:00+00:00,98741.5390625,103900.46875,91998.78125,96593.5703125,149218945580,0.0,0.0
2024-12-06 00:00:00+00:00,97074.2265625,102039.8828125,96514.875,99920.7109375,94534772658,0.0,0.0
2024-12-07 00:00:00+00:00,99916.7109375,100563.3828125,99030.8828125,99923.3359375,44177510897,0.0,0.0
2024-12-08 00:00:00+00:00,99921.9140625,101399.9921875,98771.515625,101236.015625,44125751925,0.0,0.0
2024-12-09 00:00:00+00:00,101237.0625,101272.5078125,94355.9140625,97432.71875,110676473908,0.0,0.0
2024-12-10 00:00:00+00:00,97441.234375,98270.15625,94321.2578125,96675.4296875,104823780634,0.0,0.0
2024-12-11 00:00:00+00:00,96656.0625,101913.359375,95747.2265625,101173.03125,85391409936,0.0,0.0
2024-12-12 00:00:00+00:00,101167.8046875,102524.9140625,99339.953125,100043.0,72073983533,0.0,0.0
2024-12-13 00:00:00+00:00,100046.6484375,101888.8046875,99233.28125,101459.2578125,56894751583,0.0,0.0
2024-12-14 00:00:00+00:00,101451.4375,102618.8828125,100634.0546875,101372.96875,40422968793,0.0,0.0
2024-12-15 00:00:00+00:00,101373.53125,105047.5390625,101227.03125,104298.6953125,51145914137,0.0,0.0
2024-12-16 00:00:00+00:00,104293.578125,107780.578125,103322.984375,106029.71875,91020417816,0.0,0.0
2024-12-17 00:00:00+00:00,106030.6875,108268.4453125,105291.734375,106140.6015625,68589364868,0.0,0.0
2024-12-18 00:00:00+00:00,106147.296875,106470.609375,100041.5390625,100041.5390625,93865656139,0.0,0.0
2024-12-19 00:00:00+00:00,100070.6875,102748.1484375,95587.6796875,97490.953125,97221662392,0.0,0.0
2024-12-20 00:00:00+00:00,97484.6953125,98098.9140625,92175.1796875,97755.9296875,105634083408,0.0,0.0
2024-12-21 00:00:00+00:00,97756.1953125,99507.1015625,96426.5234375,97224.7265625,51765334294,0.0,0.0
2024-12-22 00:00:00+00:00,97218.3203125,97360.265625,94202.1875,95104.9375,43147981314,0.0,0.0
2024-12-23 00:00:00+00:00,95099.390625,96416.2109375,92403.1328125,94686.2421875,65239002919,0.0,0.0
2024-12-24 00:00:00+00:00,94684.34375,99404.0625,93448.015625,98676.09375,47114953674,0.0,0.0
2024-12-25 00:00:00+00:00,98675.9140625,99478.75,97593.46875,99299.1953125,33700394629,0.0,0.0
2024-12-26 00:00:00+00:00,99297.6953125,99884.5703125,95137.8828125,95795.515625,47054980873,0.0,0.0
2024-12-27 00:00:00+00:00,95704.9765625,97294.84375,93310.7421875,94164.859375,52419934565,0.0,0.0
2024-12-28 00:00:00+00:00,94160.1875,95525.8984375,94014.2890625,95163.9296875,24107436185,0.0,0.0
2024-12-29 00:00:00+00:00,95174.0546875,95174.875,92881.7890625,93530.2265625,29635885267,0.0,0.0
2024-12-30 00:00:00+00:00,93527.1953125,94903.3203125,91317.1328125,92643.2109375,56188003691,0.0,0.0
2024-12-31 00:00:00+00:00,92643.25,96090.6015625,91914.03125,93429.203125,43625106843,0.0,0.0
2025-01-01 00:00:00+00:00,93425.1015625,94929.8671875,92788.125,94419.7578125,24519888919,0.0,0.0
2025-01-02 00:00:00+00:00,94416.2890625,97739.8203125,94201.5703125,96886.875,46009564411,0.0,0.0
2025-01-03 00:00:00+00:00,96881.7265625,98956.9140625,96034.6171875,98107.4296875,35611391163,0.0,0.0
2025-01-04 00:00:00+00:00,98106.9921875,98734.4296875,97562.9765625,98236.2265625,22342608078,0.0,0.0
2025-01-05 00:00:00+00:00,98233.90625,98813.3046875,97291.765625,98314.9609375,20525254825,0.0,0.0
2025-01-06 00:00:00+00:00,98314.953125,102482.875,97926.1484375,102078.0859375,51823432705,0.0,0.0
2025-01-07 00:00:00+00:00,102248.8515625,102712.484375,96132.875,96922.703125,58685738547,0.0,0.0
2025-01-08 00:00:00+00:00,96924.1640625,97258.3203125,92525.84375,95043.5234375,63875859171,0.0,0.0
2025-01-09 00:00:00+00:00,95043.484375,95349.71875,91220.84375,92484.0390625,62777261693,0.0,0.0
2025-01-10 00:00:00+00:00,92494.4921875,95770.609375,92250.09375,94701.453125,62058693684,0.0,0.0
2025-01-11 00:00:00+00:00,94700.8359375,94977.6875,93840.046875,94566.59375,18860894100,0.0,0.0
2025-01-12 00:00:00+00:00,94565.7265625,95367.5390625,93712.5078125,94488.4375,20885130965,0.0,0.0
2025-01-13 00:00:00+00:00,94488.890625,95837.0,89260.1015625,94516.5234375,72978998252,0.0,0.0
2025-01-14 00:00:00+00:00,94519.0078125,97352.6640625,94322.15625,96534.046875,53769675818,0.0,0.0
2025-01-15 00:00:00+00:00,96534.046875,100697.234375,96501.640625,100504.4921875,57805923627,0.0,0.0
2025-01-16 00:00:00+00:00,100505.296875,100781.5859375,97364.4453125,99756.90625,54103781805,0.0,0.0
2025-01-17 00:00:00+00:00,100025.765625,105884.2265625,99948.90625,104462.0390625,71888972663,0.0,0.0
2025-01-18 00:00:00+00:00,104124.953125,104913.203125,102226.6171875,104408.0703125,50445655726,0.0,0.0
2025-01-19 00:00:00+00:00,104411.2890625,106299.796875,99570.53125,101089.609375,76789928525,0.0,0.0
2025-01-20 00:00:00+00:00,101083.75,109114.8828125,99471.359375,102016.6640625,126279678351,0.0,0.0
2025-01-21 00:00:00+00:00,102052.578125,107180.921875,100103.953125,106146.265625,88733878242,0.0,0.0
2025-01-22 00:00:00+00:00,106136.3828125,106294.34375,103360.265625,103653.0703125,53878181052,0.0,0.0
2025-01-23 00:00:00+00:00,103657.671875,106820.328125,101257.8046875,103960.171875,104104515428,0.0,0.0
2025-01-24 00:00:00+00:00,103965.671875,107098.546875,102772.125,104819.484375,52388229265,0.0,0.0
2025-01-25 00:00:00+00:00,104824.03125,105243.7890625,104120.375,104714.6484375,23888996502,0.0,0.0
2025-01-26 00:00:00+00:00,104713.2109375,105438.6484375,102507.7109375,102682.5,22543395879,0.0,0.0
2025-01-27 00:00:00+00:00,102680.3046875,103214.109375,97795.9375,102087.6875,89006608428,0.0,0.0
2025-01-28 00:00:00+00:00,102095.4140625,103730.8203125,100238.1875,101332.4765625,47180685494,0.0,0.0
2025-01-29 00:00:00+00:00,101317.5234375,104750.8046875,101283.8203125,103703.2109375,47432049818,0.0,0.0
2025-01-30 00:00:00+00:00,103709.3359375,106418.765625,103321.6484375,104735.3046875,41915744521,0.0,0.0
2025-01-31 00:00:00+00:00,104737.5625,106026.3515625,101543.8828125,102405.0234375,45732764360,0.0,0.0
2025-02-01 00:00:00+00:00,102402.796875,102755.7265625,100297.7109375,100655.90625,27757944848,0.0,0.0
2025-02-02 00:00:00+00:00,100661.5390625,101430.6640625,96216.078125,97688.9765625,63091816853,0.0,0.0
2025-02-03 00:00:00+00:00,97681.1015625,102514.171875,91242.890625,101405.421875,115400897748,0.0,0.0
2025-02-04 00:00:00+00:00,101398.71875,101745.6171875,96208.109375,97871.8203125,73002130211,0.0,0.0
2025-02-05 00:00:00+00:00,97878.0078125,99113.2109375,96174.828125,96615.4453125,49125911241,0.0,0.0
2025-02-06 00:00:00+00:00,96610.640625,99168.609375,95707.3515625,96593.296875,45302471947,0.0,0.0
2025-02-07 00:00:00+00:00,96581.3203125,100154.140625,95653.8828125,96529.0859375,55741290456,0.0,0.0
2025-02-08 00:00:00+00:00,96533.2578125,96877.8046875,95702.4921875,96482.453125,22447526395,0.0,0.0
2025-02-09 00:00:00+00:00,96481.3125,97325.28125,94745.2578125,96500.09375,27732901800,0.0,0.0
2025-02-10 00:00:00+00:00,96499.4609375,98333.21875,95320.84375,97437.5546875,40078962391,0.0,0.0
2025-02-11 00:00:00+00:00,97438.1328125,98492.8984375,94875.0390625,95747.4296875,37488783272,0.0,0.0
2025-02-12 00:00:00+00:00,95745.6953125,98151.0234375,94101.203125,97885.859375,49340445530,0.0,0.0
2025-02-13 00:00:00+00:00,97888.75,98111.0859375,95269.7109375,96623.8671875,37147280860,0.0,0.0
2025-02-14 00:00:00+00:00,96623.3671875,98819.46875,96342.8046875,97508.96875,32697987277,0.0,0.0
2025-02-15 00:00:00+00:00,97508.3828125,97975.0390625,97240.1953125,97580.3515625,17047266288,0.0,0.0
2025-02-16 00:00:00+00:00,97580.4921875,97725.59375,96060.9765625,96175.03125,16536755396,0.0,0.0
2025-02-17 00:00:00+00:00,96179.0078125,97032.234375,95243.546875,95773.3828125,27336550690,0.0,0.0
2025-02-18 00:00:00+00:00,95773.8125,96695.375,93388.8359375,95539.546875,37325720482,0.0,0.0
2025-02-19 00:00:00+00:00,95532.53125,96855.59375,95011.96875,96635.609375,28990872862,0.0,0.0
2025-02-20 00:00:00+00:00,96632.6796875,98767.1953125,96442.671875,98333.9375,31668022771,0.0,0.0
2025-02-21 00:00:00+00:00,98340.671875,99497.96875,94852.9609375,96125.546875,49608706470,0.0,0.0
2025-02-22 00:00:00+00:00,96134.203125,96950.15625,95765.34375,96577.7578125,18353824477,0.0,0.0
2025-02-23 00:00:00+00:00,96577.8046875,96671.875,95270.453125,96273.921875,16999478976,0.0,0.0
2025-02-24 00:00:00+00:00,96277.9609375,96503.453125,91371.7421875,91418.171875,44046480529,0.0,0.0
2025-02-25 00:00:00+00:00,91437.1171875,92511.078125,86008.234375,88736.171875,92139104128,0.0,0.0
2025-02-26 00:00:00+00:00,88638.890625,89286.25,82131.8984375,84347.0234375,64597492134,0.0,0.0
2025-02-27 00:00:00+00:00,84076.859375,87000.78125,83144.9609375,84704.2265625,52659591954,0.0,0.0
2025-02-28 00:00:00+00:00,84705.625,85036.3203125,78248.9140625,84373.0078125,83610570576,0.0,0.0
2025-03-01 00:00:00+00:00,84373.8671875,86522.3046875,83794.234375,86031.9140625,29190628396,0.0,0.0
2025-03-02 00:00:00+00:00,86036.2578125,95043.4375,85040.2109375,94248.3515625,58398341092,0.0,0.0
2025-03-03 00:00:00+00:00,94248.421875,94429.75,85081.3046875,86065.671875,70072228536,0.0,0.0
2025-03-04 00:00:00+00:00,86064.0703125,88911.2734375,81529.2421875,87222.1953125,68095241474,0.0,0.0
2025-03-05 00:00:00+00:00,87222.953125,90998.2421875,86379.7734375,90623.5625,50498988027,0.0,0.0
2025-03-06 00:00:00+00:00,90622.359375,92804.9375,87852.140625,89961.7265625,47749810486,0.0,0.0
2025-03-07 00:00:00+00:00,89963.28125,91191.046875,84717.6796875,86742.671875,65945677657,0.0,0.0
2025-03-08 00:00:00+00:00,86742.65625,86847.265625,85247.484375,86154.59375,18206118081,0.0,0.0
2025-03-09 00:00:00+00:00,86154.3046875,86471.1328125,80052.484375,80601.0390625,30899345977,0.0,0.0
2025-03-10 00:00:00+00:00,80597.1484375,83955.9296875,77420.59375,78532.0,54061099422,0.0,0.0
2025-03-11 00:00:00+00:00,78523.875,83577.7578125,76624.25,82862.2109375,54702837196,0.0,0.0
2025-03-12 00:00:00+00:00,82857.375,84358.578125,80635.25,83722.359375,40353484454,0.0,0.0
2025-03-13 00:00:00+00:00,83724.921875,84301.6953125,79931.8515625,81066.703125,31412940153,0.0,0.0
2025-03-14 00:00:00+00:00,81066.9921875,85263.2890625,80797.5625,83969.1015625,29588112414,0.0,0.0
2025-03-15 00:00:00+00:00,83968.40625,84672.671875,83639.59375,84343.109375,13650491277,0.0,0.0
2025-03-16 00:00:00+00:00,84333.3203125,85051.6015625,82017.90625,82579.6875,21330270174,0.0,0.0
2025-03-17 00:00:00+00:00,82576.3359375,84725.328125,82492.15625,84075.6875,25092785558,0.0,0.0
2025-03-18 00:00:00+00:00,84075.71875,84075.71875,81179.9921875,82718.5,24095774594,0.0,0.0
2025-03-19 00:00:00+00:00,82718.8046875,87021.1875,82569.7265625,86854.2265625,34931960257,0.0,0.0
2025-03-20 00:00:00+00:00,86872.953125,87443.265625,83647.1953125,84167.1953125,29028988961,0.0,0.0
2025-03-21 00:00:00+00:00,84164.5390625,84782.2734375,83171.0703125,84043.2421875,19030452299,0.0,0.0
2025-03-22 00:00:00+00:00,84046.2578125,84513.875,83674.78125,83832.484375,9863214091,0.0,0.0
2025-03-23 00:00:00+00:00,83831.8984375,86094.78125,83794.9140625,86054.375,12594615537,0.0,0.0
2025-03-24 00:00:00+00:00,86070.9296875,88758.7265625,85541.1953125,87498.9140625,34582604933,0.0,0.0
2025-03-25 00:00:00+00:00,87512.8203125,88542.3984375,86346.078125,87471.703125,30005840049,0.0,0.0
2025-03-26 00:00:00+00:00,87460.234375,88292.15625,85861.453125,86900.8828125,26704046038,0.0,0.0
2025-03-27 00:00:00+00:00,86896.2578125,87786.7265625,85837.9375,87177.1015625,24413471941,0.0,0.0
2025-03-28 00:00:00+00:00,87185.234375,87489.859375,83557.640625,84353.1484375,34198619509,0.0,0.0
2025-03-29 00:00:00+00:00,84352.0703125,84567.3359375,81634.140625,82597.5859375,16969396135,0.0,0.0
2025-03-30 00:00:00+00:00,82596.984375,83505.0,81573.25,82334.5234375,14763760943,0.0,0.0
2025-03-31 00:00:00+00:00,82336.0625,83870.125,81293.890625,82548.9140625,29004228247,0.0,0.0
2025-04-01 00:00:00+00:00,82551.921875,85487.3671875,82429.359375,85169.171875,28175650319,0.0,0.0
2025-04-02 00:00:00+00:00,85180.609375,88466.953125,82343.5390625,82485.7109375,47584398470,0.0,0.0
2025-04-03 00:00:00+00:00,82487.4765625,83909.296875,81282.1015625,83102.828125,36852112080,0.0,0.0
2025-04-04 00:00:00+00:00,83100.25,84696.1484375,81670.75,83843.8046875,45157640207,0.0,0.0
2025-04-05 00:00:00+00:00,83844.703125,84207.015625,82377.734375,83504.796875,14380803631,0.0,0.0
2025-04-06 00:00:00+00:00,83504.5078125,83704.71875,77097.7421875,78214.484375,36294853736,0.0,0.0
2025-04-07 00:00:00+00:00,78221.3359375,81119.0625,74436.6796875,79235.3359375,91262424987,0.0,0.0
2025-04-08 00:00:00+00:00,79218.4765625,80823.890625,76198.0234375,76271.953125,48314590749,0.0,0.0
2025-04-09 00:00:00+00:00,76273.5625,83541.0,74589.671875,82573.953125,84213627038,0.0,0.0
2025-04-10 00:00:00+00:00,82565.9765625,82700.9296875,78456.1328125,79626.140625,44718000633,0.0,0.0
2025-04-11 00:00:00+00:00,79625.046875,84247.4765625,78936.3203125,83404.8359375,41656778779,0.0,0.0
2025-04-12 00:00:00+00:00,83404.515625,85856.1875,82769.375,85287.109375,24258059104,0.0,0.0
2025-04-13 00:00:00+00:00,85279.46875,86015.1875,83027.0078125,83684.9765625,28796984817,0.0,0.0
2025-04-14 00:00:00+00:00,83694.5234375,85785.0,83690.640625,84542.390625,34090769777,0.0,0.0
2025-04-15 00:00:00+00:00,84539.6953125,86429.3515625,83598.8203125,83668.9921875,28040322885,0.0,0.0
2025-04-16 00:00:00+00:00,83674.5078125,85428.28125,83100.6171875,84033.8671875,29617804112,0.0,0.0
2025-04-17 00:00:00+00:00,84030.671875,85449.0703125,83749.75,84895.75,21276866029,0.0,0.0
2025-04-18 00:00:00+00:00,84900.1875,85095.046875,84298.8828125,84450.8046875,12728372364,0.0,0.0
2025-04-19 00:00:00+00:00,84450.8671875,85597.703125,84353.4609375,85063.4140625,15259300427,0.0,0.0
2025-04-20 00:00:00+00:00,85066.0703125,85306.3828125,83976.84375,85174.3046875,14664050812,0.0,0.0
2025-04-21 00:00:00+00:00,85171.5390625,88460.09375,85143.8359375,87518.90625,41396190190,0.0,0.0
2025-04-22 00:00:00+00:00,87521.875,93817.3828125,87084.53125,93441.890625,55899038456,0.0,0.0
2025-04-23 00:00:00+00:00,93427.5859375,94535.734375,91962.9609375,93699.109375,41719568821,0.0,0.0
2025-04-24 00:00:00+00:00,93692.3984375,94016.1953125,91696.7109375,93943.796875,31483175315,0.0,0.0
2025-04-25 00:00:00+00:00,93954.25,95768.390625,92898.59375,94720.5,40915232364,0.0,0.0
2025-04-26 00:00:00+00:00,94714.6484375,95251.359375,93927.25,94646.9296875,17612825123,0.0,0.0
2025-04-27 00:00:00+00:00,94660.90625,95301.203125,93665.3984375,93754.84375,18090367764,0.0,0.0
2025-04-28 00:00:00+00:00,93755.3046875,95598.4921875,92860.8046875,94978.75,32363449569,0.0,0.0
2025-04-29 00:00:00+00:00,94981.859375,95485.4140625,93796.6328125,94284.7890625,25806129921,0.0,0.0
2025-04-30 00:00:00+00:00,94286.46875,95249.3203125,92979.640625,94207.3125,28344679831,0.0,0.0
2025-05-01 00:00:00+00:00,94212.859375,97437.9609375,94153.6328125,96492.3359375,32875889623,0.0,0.0
2025-05-02 00:00:00+00:00,96494.96875,97905.8984375,96375.9453125,96910.0703125,26421924677,0.0,0.0
2025-05-03 00:00:00+00:00,96904.6328125,96943.8828125,95821.2890625,95891.796875,15775154889,0.0,0.0
2025-05-04 00:00:00+00:00,95877.1875,96318.921875,94173.4296875,94315.9765625,18198688416,0.0,0.0
2025-05-05 00:00:00+00:00,94319.5625,95193.1875,93566.265625,94748.0546875,25816260327,0.0,0.0
2025-05-06 00:00:00+00:00,94748.3828125,96889.1796875,93399.859375,96802.4765625,26551275827,0.0,0.0
2025-05-07 00:00:00+00:00,96800.1953125,97625.8046875,95829.3359375,97032.3203125,76983822462,0.0,0.0
2025-05-08 00:00:00+00:00,97034.25,103969.5390625,96913.875,103241.4609375,69895404397,0.0,0.0
2025-05-09 00:00:00+00:00,103239.125,104297.4921875,102343.09375,102970.8515625,58198593958,0.0,0.0
2025-05-10 00:00:00+00:00,102973.7109375,104961.765625,102830.484375,104696.328125,42276713994,0.0,0.0
2025-05-11 00:00:00+00:00,104701.0703125,104937.9921875,103364.7421875,104106.359375,46285517406,0.0,0.0
2025-05-12 00:00:00+00:00,104106.9609375,105747.453125,100814.40625,102812.953125,63250475404,0.0,0.0
2025-05-13 00:00:00+00:00,102812.4921875,104997.421875,101515.09375,104169.8125,52608876410,0.0,0.0
2025-05-14 00:00:00+00:00,104167.328125,104303.5625,102618.296875,103539.4140625,45956071155,0.0,0.0
2025-05-15 00:00:00+00:00,103538.828125,104153.6171875,101440.8125,103744.640625,50408241840,0.0,0.0
2025-05-16 00:00:00+00:00,103735.65625,104533.484375,103137.4765625,103489.2890625,44386499364,0.0,0.0
2025-05-17 00:00:00+00:00,103489.2890625,103716.9453125,102659.1796875,103191.0859375,37898552742,0.0,0.0
2025-05-18 00:00:00+00:00,103186.953125,106597.171875,103142.6015625,106446.0078125,49887082058,0.0,0.0
2025-05-19 00:00:00+00:00,106430.53125,107068.71875,102112.6875,105606.1796875,61761126647,0.0,0.0
2025-05-20 00:00:00+00:00,105605.40625,107307.1171875,104206.515625,106791.0859375,36515726122,0.0,0.0
2025-05-21 00:00:00+00:00,106791.3125,110724.4609375,106127.234375,109678.078125,78086364051,0.0,0.0
2025-05-22 00:00:00+00:00,109673.4921875,111970.171875,109285.0703125,111673.28125,70157575642,0.0,0.0
2025-05-23 00:00:00+00:00,111679.359375,111798.90625,106841.3046875,107287.796875,67548133399,0.0,0.0
2025-05-24 00:00:00+00:00,107278.5078125,109454.5234375,106895.2890625,107791.15625,45903627163,0.0,0.0
2025-05-25 00:00:00+00:00,107802.2734375,109313.3046875,106683.375,109035.390625,47518041841,0.0,0.0
2025-05-26 00:00:00+00:00,109023.78125,110376.8828125,108735.640625,109440.3671875,45950461571,0.0,0.0
2025-05-27 00:00:00+00:00,109440.40625,110744.2109375,107609.5546875,108994.640625,57450176272,0.0,0.0
2025-05-28 00:00:00+00:00,108992.171875,109298.2890625,106812.9296875,107802.328125,49155377493,0.0,0.0
2025-05-29 00:00:00+00:00,107795.5703125,108910.046875,105374.3984375,105641.7578125,56022752042,0.0,0.0
2025-05-30 00:00:00+00:00,105646.2109375,106308.9453125,103685.7890625,103998.5703125,57655287183,0.0,0.0
2025-05-31 00:00:00+00:00,103994.71875,104927.1015625,103136.1171875,104638.09375,38997843858,0.0,0.0
2025-06-01 00:00:00+00:00,104637.296875,105884.546875,103826.953125,105652.1015625,37397056873,0.0,0.0
2025-06-02 00:00:00+00:00,105649.8125,105958.3125,103727.546875,105881.53125,45819706290,0.0,0.0
2025-06-03 00:00:00+00:00,105888.4765625,106813.578125,104920.84375,105432.46875,46196508367,0.0,0.0
2025-06-04 00:00:00+00:00,105434.3671875,105997.6953125,104232.703125,104731.984375,44544857105,0.0,0.0
2025-06-05 00:00:00+00:00,104750.78125,105936.6875,100436.8828125,101575.953125,57479298400,0.0,0.0
2025-06-06 00:00:00+00:00,101574.3671875,105376.7734375,101169.5703125,104390.34375,48856653697,0.0,0.0
2025-06-07 00:00:00+00:00,104390.6484375,105972.7578125,103987.3125,105615.625,38365033776,0.0,0.0
2025-06-08 00:00:00+00:00,105617.5078125,106497.0625,105075.328125,105793.6484375,36626232328,0.0,0.0
2025-06-09 00:00:00+00:00,105793.0234375,110561.421875,105400.234375,110294.1015625,55903193732,0.0,0.0
2025-06-10 00:00:00+00:00,110295.6875,110380.125,108367.7109375,110257.234375,54700101509,0.0,0.0
2025-06-11 00:00:00+00:00,110261.796875,110384.21875,108086.328125,108686.625,50842662052,0.0,0.0
2025-06-12 00:00:00+00:00,108685.9140625,108780.6953125,105785.6875,105929.0546875,54843867968,0.0,0.0
2025-06-13 00:00:00+00:00,105924.59375,106182.546875,102822.0234375,106090.96875,69550440846,0.0,0.0
2025-06-14 00:00:00+00:00,106108.0859375,106203.7578125,104379.3671875,105472.40625,38007870453,0.0,0.0
2025-06-15 00:00:00+00:00,105464.84375,106157.1015625,104519.8828125,105552.0234375,36744307742,0.0,0.0
2025-06-16 00:00:00+00:00,105555.59375,108915.375,104997.625,106796.7578125,50366626945,0.0,0.0
2025-06-17 00:00:00+00:00,106794.1171875,107750.1953125,103396.53125,104601.1171875,55964092176,0.0,0.0
2025-06-18 00:00:00+00:00,104602.0703125,105581.8515625,103602.265625,104883.328125,47318089133,0.0,0.0
2025-06-19 00:00:00+00:00,104886.7734375,105250.890625,103940.7734375,104684.2890625,37333806920,0.0,0.0
2025-06-20 00:00:00+00:00,104681.03125,106539.3828125,102372.2109375,103309.6015625,50951862476,0.0,0.0
2025-06-21 00:00:00+00:00,103315.078125,104015.78125,100973.0625,102257.40625,38360555118,0.0,0.0
2025-06-22 00:00:00+00:00,102212.03125,103351.6328125,98286.203125,100987.140625,65536997201,0.0,0.0
2025-06-23 00:00:00+00:00,100987.4765625,106116.859375,99705.75,105577.7734375,65237759656,0.0,0.0
2025-06-24 00:00:00+00:00,105571.515625,106316.828125,104740.2421875,106045.6328125,48822986421,0.0,0.0
2025-06-25 00:00:00+00:00,106047.40625,108168.3984375,105881.390625,107361.2578125,51624120283,0.0,0.0
2025-06-26 00:00:00+00:00,107375.0703125,108305.546875,106666.3515625,106960.0,43891990613,0.0,0.0
2025-06-27 00:00:00+00:00,106954.921875,107772.46875,106449.9921875,107088.4296875,45353692675,0.0,0.0
2025-06-28 00:00:00+00:00,107090.546875,107567.8828125,106883.9765625,107327.703125,30037708335,0.0,0.0
2025-06-29 00:00:00+00:00,107327.8203125,108526.3046875,107230.109375,108385.5703125,35534874438,0.0,0.0
2025-06-30 00:00:00+00:00,108383.4375,108798.7890625,106759.6484375,107135.3359375,42064804590,0.0,0.0
2025-07-01 00:00:00+00:00,107144.3828125,107550.6796875,105270.2265625,105698.28125,44110692247,0.0,0.0
2025-07-02 00:00:00+00:00,105703.1015625,109763.65625,105157.3984375,108859.3203125,56248657737,0.0,0.0
2025-07-03 00:00:00+00:00,108845.015625,110541.4609375,108605.796875,109647.9765625,50494742270,0.0,0.0
2025-07-04 00:00:00+00:00,109635.65625,109751.984375,107296.3828125,108034.3359375,42616442656,0.0,0.0
2025-07-05 00:00:00+00:00,108015.8359375,108381.34375,107842.2734375,108231.1796875,30615537520,0.0,0.0
2025-07-06 00:00:00+00:00,108231.1875,109731.625,107847.015625,109232.0703125,36746020463,0.0,0.0
2025-07-07 00:00:00+00:00,109235.328125,109710.25,107527.0546875,108299.8515625,45415696597,0.0,0.0
2025-07-08 00:00:00+00:00,108298.2265625,109198.96875,107499.5546875,108950.2734375,44282204127,0.0,0.0
2025-07-09 00:00:00+00:00,108950.2734375,111925.375,108357.6796875,111326.5546875,57927418065,0.0,0.0
2025-07-10 00:00:00+00:00,111329.1953125,116608.78125,110660.75,115987.203125,95911605728,0.0,0.0
2025-07-11 00:00:00+00:00,115986.234375,118856.4765625,115245.6875,117516.9921875,86928361085,0.0,0.0
2025-07-12 00:00:00+00:00,117530.7109375,118219.8984375,116977.0234375,117435.2265625,45524560304,0.0,0.0
2025-07-13 00:00:00+00:00,117432.203125,119449.5703125,117265.4375,119116.1171875,49021091807,0.0,0.0
2025-07-14 00:00:00+00:00,119115.7890625,123091.609375,118959.1953125,119849.703125,181746419401,0.0,0.0
2025-07-15 00:00:00+00:00,119853.8515625,119935.5625,115765.6875,117777.1875,98321661181,0.0,0.0
2025-07-16 00:00:00+00:00,117777.1875,120065.515625,117064.8203125,118738.5078125,72162029070,0.0,0.0
2025-07-17 00:00:00+00:00,118738.5078125,120999.609375,117508.21875,119289.84375,72363841798,0.0,0.0
2025-07-18 00:00:00+00:00,119284.109375,120851.9140625,116925.984375,118003.2265625,77945799785,0.0,0.0
2025-07-19 00:00:00+00:00,117998.125,118541.3984375,117388.4140625,117939.9765625,47564562765,0.0,0.0
2025-07-20 00:00:00+00:00,117944.109375,118865.03125,116550.1328125,117300.7890625,57515447231,0.0,0.0
2025-07-21 00:00:00+00:00,117306.46875,119671.5625,116584.3984375,117439.5390625,69820091744,0.0,0.0
2025-07-22 00:00:00+00:00,117426.5,120269.96875,116233.2265625,119995.4140625,79217583118,0.0,0.0
2025-07-23 00:00:00+00:00,119997.4453125,120113.3515625,117391.390625,118754.9609375,66608604537,0.0,0.0
2025-07-24 00:00:00+00:00,118770.984375,119535.453125,117247.96875,118368.0,72627318560,0.0,0.0
2025-07-25 00:00:00+00:00,118368.0,118486.9765625,114759.8203125,117635.8828125,104857024569,0.0,0.0
2025-07-26 00:00:00+00:00,117644.84375,118335.6875,117181.2265625,117947.3671875,48508954046,0.0,0.0
2025-07-27 00:00:00+00:00,117944.7265625,119815.59375,117859.6875,119448.4921875,54683390892,0.0,0.0
2025-07-28 00:00:00+00:00,119457.5234375,119819.7890625,117441.4375,117924.4765625,64822943193,0.0,0.0
2025-07-29 00:00:00+00:00,117938.5859375,119273.8671875,116987.3671875,117922.1484375,68463107433,0.0,0.0
2025-07-30 00:00:00+00:00,117921.9921875,118780.7265625,115800.828125,117831.1875,68896148592,0.0,0.0
2025-07-31 00:00:00+00:00,117833.6328125,118919.984375,115505.21875,115758.203125,69370346018,0.0,0.0
2025-08-01 00:00:00+00:00,115738.953125,116060.7734375,112724.4453125,113320.0859375,91294530181,0.0,0.0
2025-08-02 00:00:00+00:00,113320.390625,114021.6015625,112005.765625,112526.9140625,56870866000,0.0,0.0
2025-08-03 00:00:00+00:00,112525.8046875,114747.421875,111943.8046875,114217.671875,48099615826,0.0,0.0
2025-08-04 00:00:00+00:00,114223.921875,115729.46875,114130.40625,115071.8828125,35783028986,0.0,0.0
2025-08-05 00:00:00+00:00,115072.1875,115117.4375,112701.109375,114141.4453125,61039182286,0.0,0.0
2025-08-06 00:00:00+00:00,114140.9140625,115737.8359375,113372.25,115028.0,56379133510,0.0,0.0
2025-08-07 00:00:00+00:00,115030.0546875,117676.90625,114279.7109375,117496.8984375,64051649681,0.0,0.0
2025-08-08 00:00:00+00:00,117505.5,117689.203125,115917.4609375,116688.7265625,59713005166,0.0,0.0
2025-08-09 00:00:00+00:00,116678.2734375,117906.609375,116363.8359375,116500.359375,54004312429,0.0,0.0
2025-08-10 00:00:00+00:00,116497.71875,119320.7109375,116485.1640625,119306.7578125,64755458694,0.0,0.0
2025-08-11 00:00:00+00:00,119306.8125,122321.09375,118159.03125,118731.4453125,90528784177,0.0,0.0
2025-08-12 00:00:00+00:00,118717.6640625,120302.46875,118228.71875,120172.90625,72803657984,0.0,0.0
2025-08-13 00:00:00+00:00,120168.9765625,123682.453125,118939.6328125,123344.0625,90904808795,0.0,0.0
2025-08-14 00:00:00+00:00,123339.3984375,124457.1171875,117254.8828125,118359.578125,104055627395,0.0,0.0
2025-08-15 00:00:00+00:00,118365.78125,119332.3125,116864.5703125,117398.3515625,68665353159,0.0,0.0
2025-08-16 00:00:00+00:00,117398.421875,117996.0625,117271.953125,117491.3515625,48036922378,0.0,0.0
2025-08-17 00:00:00+00:00,117492.7890625,118595.7734375,117279.5234375,117453.0625,45852169525,0.0,0.0
2025-08-18 00:00:00+00:00,117453.90625,117614.171875,114723.6796875,116252.3125,72787808090,0.0,0.0
2025-08-19 00:00:00+00:00,116241.859375,116764.5,112730.3984375,112831.1796875,71657600353,0.0,0.0
2025-08-20 00:00:00+00:00,112828.0234375,114625.796875,112387.9609375,114274.7421875,67993811526,0.0,0.0
2025-08-21 00:00:00+00:00,114275.6875,114802.6484375,111986.234375,112419.03125,57817883700,0.0,0.0
2025-08-22 00:00:00+00:00,112433.734375,117377.3984375,111678.9453125,116874.0859375,82528088240,0.0,0.0
2025-08-23 00:00:00+00:00,116866.3671875,116996.25,114536.109375,115374.328125,55377142586,0.0,0.0
2025-08-24 00:00:00+00:00,115387.390625,115615.0859375,111060.546875,113458.4296875,73961489632,0.0,0.0
2025-08-25 00:00:00+00:00,113456.8984375,113637.84375,109324.28125,110124.3515625,85706860190,0.0,0.0
2025-08-26 00:00:00+00:00,110124.1015625,112397.015625,108762.0390625,111802.65625,69396320317,0.0,0.0
2025-08-27 00:00:00+00:00,111795.7109375,112619.4140625,110398.265625,111222.0625,62137056409,0.0,0.0
2025-08-28 00:00:00+00:00,111219.0546875,113450.078125,110900.921875,112544.8046875,58860155962,0.0,0.0
2025-08-29 00:00:00+00:00,112550.5234375,112619.0546875,107559.625,108410.8359375,77843379644,0.0,0.0
2025-08-30 00:00:00+00:00,108409.40625,108929.3515625,107444.4453125,108808.0703125,51486264208,0.0,0.0
2025-08-31 00:00:00+00:00,108818.4609375,109491.0,108104.65625,108236.7109375,47986191770,0.0,0.0
2025-09-01 00:00:00+00:00,108228.75,109890.5859375,107271.1796875,109250.59375,66870372995,0.0,0.0
2025-09-02 00:00:00+00:00,109243.0703125,111748.015625,108454.03125,111200.5859375,74776999491,0.0,0.0
2025-09-03 00:00:00+00:00,111190.6953125,112600.2265625,110582.9609375,111723.2109375,61119643565,0.0,0.0
2025-09-04 00:00:00+00:00,111718.1484375,112208.328125,109347.2265625,110723.6015625,60131132901,0.0,0.0
2025-09-05 00:00:00+00:00,110723.015625,113357.4921875,110233.3984375,110650.984375,60241647677,0.0,0.0
2025-09-06 00:00:00+00:00,110650.5703125,111275.015625,110024.0859375,110224.6953125,21500719036,0.0,0.0
2025-09-07 00:00:00+00:00,110221.328125,111591.078125,110211.625,111167.6171875,24618007520,0.0,0.0
2025-09-08 00:00:00+00:00,111163.015625,112869.234375,110630.609375,112071.4296875,40212813407,0.0,0.0
2025-09-09 00:00:00+00:00,112077.578125,113225.4375,110776.703125,111530.546875,45984480722,0.0,0.0
2025-09-10 00:00:00+00:00,111531.25,114275.25,110940.078125,113955.359375,56377473784,0.0,0.0
2025-09-11 00:00:00+00:00,113961.4296875,115522.546875,113453.8359375,115507.5390625,45685065332,0.0,0.0
2025-09-12 00:00:00+00:00,115507.7890625,116769.3828125,114794.484375,116101.578125,54785725894,0.0,0.0
2025-09-13 00:00:00+00:00,116093.5625,116334.6328125,115248.2734375,115950.5078125,34549454947,0.0,0.0
2025-09-14 00:00:00+00:00,115950.2890625,116181.5,115222.3984375,115407.65625,32798036057,0.0,0.0
2025-09-15 00:00:00+00:00,115399.6328125,116747.8828125,114461.0625,115444.875,52937859416,0.0,0.0
2025-09-16 00:00:00+00:00,115423.7578125,117005.2734375,114813.09375,116843.1875,45781744593,0.0,0.0
2025-09-17 00:00:00+00:00,116840.5078125,117328.609375,114794.9765625,116468.5078125,60528025996,0.0,0.0
2025-09-18 00:00:00+00:00,116461.265625,117911.7890625,116188.796875,117137.203125,49457272032,0.0,0.0
2025-09-19 00:00:00+00:00,117137.671875,117479.7578125,115141.8203125,115688.859375,38828473971,0.0,0.0
2025-09-20 00:00:00+00:00,115691.125,116191.1484375,115473.5234375,115721.9609375,22864449614,0.0,0.0
2025-09-21 00:00:00+00:00,115730.2265625,115901.0859375,115252.578125,115306.09375,22495852193,0.0,0.0
2025-09-22 00:00:00+00:00,115309.21875,115431.3125,112037.6484375,112748.5078125,70684158591,0.0,0.0
2025-09-23 00:00:00+00:00,112757.4765625,113351.9140625,111535.5703125,112014.5,47211853279,0.0,0.0
2025-09-24 00:00:00+00:00,112007.6640625,113986.2734375,111229.640625,113328.6328125,48044595085,0.0,0.0
2025-09-25 00:00:00+00:00,113330.1640625,113541.0859375,108713.3984375,109049.2890625,75528654284,0.0,0.0
2025-09-26 00:00:00+00:00,109041.296875,110359.1953125,108728.9765625,109712.828125,57738288949,0.0,0.0
2025-09-27 00:00:00+00:00,109707.140625,109778.5,109144.296875,109681.9453125,26308042910,0.0,0.0
2025-09-28 00:00:00+00:00,109681.9453125,112375.484375,109236.9453125,112122.640625,33371048505,0.0,0.0
2025-09-29 00:00:00+00:00,112117.875,114473.5703125,111589.953125,114400.3828125,60000147466,0.0,0.0
2025-09-30 00:00:00+00:00,114396.5234375,114836.6171875,112740.5625,114056.0859375,58986330258,0.0,0.0
2025-10-01 00:00:00+00:00,114057.59375,118648.9296875,113981.3984375,118648.9296875,71328680132,0.0,0.0
2025-10-02 00:00:00+00:00,118652.3828125,121086.40625,118383.15625,120681.2578125,71415163912,0.0,0.0
2025-10-03 00:00:00+00:00,120656.984375,123944.703125,119344.3125,122266.53125,83941392228,0.0,0.0
2025-10-04 00:00:00+00:00,122267.46875,122857.640625,121577.5703125,122425.4296875,36769171735,0.0,0.0
2025-10-05 00:00:00+00:00,122419.671875,125559.2109375,122191.9609375,123513.4765625,73689317763,0.0,0.0
2025-10-06 00:00:00+00:00,123510.453125,126198.0703125,123196.046875,124752.53125,72568881188,0.0,0.0
2025-10-07 00:00:00+00:00,124752.140625,125184.0234375,120681.96875,121451.3828125,76149412513,0.0,0.0
2025-10-08 00:00:00+00:00,121448.3515625,124167.09375,121119.1796875,123354.8671875,65354305286,0.0,0.0
2025-10-09 00:00:00+00:00,123337.0703125,123739.34375,119812.03125,121705.5859375,74653009425,0.0,0.0
2025-10-10 00:00:00+00:00,121704.7421875,122509.6640625,104582.4140625,113214.3671875,153125018868,0.0,0.0
2025-10-11 00:00:00+00:00,113236.4296875,113429.7265625,109760.5625,110807.8828125,110236934340,0.0,0.0
2025-10-12 00:00:00+00:00,110811.515625,115805.0625,109715.5390625,115169.765625,93710414091,0.0,0.0
2025-10-13 00:00:00+00:00,115161.6796875,116020.484375,113821.1875,115271.078125,71582026739,0.0,0.0
2025-10-14 00:00:00+00:00,115264.8828125,115502.8828125,110029.484375,113118.6640625,92212917403,0.0,0.0
2025-10-15 00:00:00+00:00,113113.96875,113622.3828125,110235.8359375,110783.1640625,72574132855,0.0,0.0
2025-10-16 00:00:00+00:00,110782.171875,111990.8125,107537.03125,108186.0390625,87306423067,0.0,0.0
2025-10-17 00:00:00+00:00,108179.1328125,109235.8046875,103598.4296875,106467.7890625,99703051669,0.0,0.0
2025-10-18 00:00:00+00:00,106483.734375,107490.984375,106387.453125,107198.265625,37779905278,0.0,0.0
2025-10-19 00:00:00+00:00,107204.3125,109488.9921875,106157.7890625,108666.7109375,47657008953,0.0,0.0
2025-10-20 00:00:00+00:00,108667.4453125,111711.03125,107485.015625,110588.9296875,63507793085,0.0,0.0
2025-10-21 00:00:00+00:00,110587.6328125,113996.34375,107534.75,108476.890625,101194375480,0.0,0.0
2025-10-22 00:00:00+00:00,108491.53125,109115.1328125,106778.0,107688.5859375,80807013218,0.0,0.0
2025-10-23 00:00:00+00:00,107679.4375,111288.59375,107548.4296875,110069.7265625,54944076060,0.0,0.0
2025-10-24 00:00:00+00:00,110069.3515625,111842.53125,109770.1484375,111033.921875,48160816980,0.0,0.0
2025-10-25 00:00:00+00:00,111032.6171875,111947.703125,110704.40625,111641.7265625,24707667305,0.0,0.0
2025-10-26 00:00:00+00:00,111639.0546875,115260.90625,111268.484375,114472.4453125,41708524143,0.0,0.0
2025-10-27 00:00:00+00:00,114479.8515625,116273.3125,113882.2890625,114119.328125,61761358733,0.0,0.0
2025-10-28 00:00:00+00:00,114129.0859375,116078.984375,112291.6796875,112956.1640625,64528066504,0.0,0.0
2025-10-29 00:00:00+00:00,112921.328125,113642.7265625,109368.71875,110055.3046875,62192043469,0.0,0.0
2025-10-30 00:00:00+00:00,110059.1953125,111612.3515625,106376.6875,108305.546875,69673964814,0.0,0.0
2025-10-31 00:00:00+00:00,108304.4140625,111031.8203125,108288.2734375,109556.1640625,60090359560,0.0,0.0
2025-11-01 00:00:00+00:00,109558.625,110574.8984375,109372.953125,110064.015625,25871668762,0.0,0.0
2025-11-02 00:00:00+00:00,110064.4296875,111167.3125,109523.453125,110639.625,34284209459,0.0,0.0
2025-11-03 00:00:00+00:00,110646.90625,110764.9140625,105336.359375,106547.5234375,72852006359,0.0,0.0
2025-11-04 00:00:00+00:00,106541.421875,107264.8828125,98962.0625,101590.5234375,110967184773,0.0,0.0
2025-11-05 00:00:00+00:00,101579.234375,104534.703125,98989.9140625,103891.8359375,77584934804,0.0,0.0
2025-11-06 00:00:00+00:00,103893.6640625,104147.3046875,100336.8671875,101301.2890625,63932752861,0.0,0.0
2025-11-07 00:00:00+00:00,101286.2421875,104052.9140625,99257.0546875,103372.40625,92168030081,0.0,0.0
2025-11-08 00:00:00+00:00,103371.703125,103373.5625,101458.0390625,102282.1171875,51446691095,0.0,0.0
2025-11-09 00:00:00+00:00,102278.984375,105418.3671875,101468.875,104719.640625,59679243013,0.0,0.0
2025-11-10 00:00:00+00:00,104723.7734375,106564.6953125,104350.6484375,105996.59375,69585887229,0.0,0.0
2025-11-11 00:00:00+00:00,105996.859375,107428.2578125,102457.328125,102997.46875,71130078574,0.0,0.0
2025-11-12 00:00:00+00:00,103011.4375,105297.234375,100836.6171875,101663.1875,64347179408,0.0,0.0
2025-11-13 00:00:00+00:00,101674.1484375,104005.4921875,97988.71875,99697.4921875,101546815416,0.0,0.0
2025-11-14 00:00:00+00:00,99694.703125,99804.4296875,94000.734375,94397.7890625,114346441890,0.0,0.0
2025-11-15 00:00:00+00:00,94420.46875,96728.46875,94420.46875,95549.1484375,38500716654,0.0,0.0
2025-11-16 00:00:00+00:00,95556.8671875,96564.1875,92971.1640625,94177.078125,71086235862,0.0,0.0
2025-11-17 00:00:00+00:00,94180.875,95928.3671875,91214.7578125,92093.875,94186165724,0.0,0.0
2025-11-18 00:00:00+00:00,92094.53125,93745.078125,89300.4609375,92948.875,101333569062,0.0,0.0
2025-11-19 00:00:00+00:00,92946.1640625,92946.1640625,88526.828125,91465.9921875,80350354656,0.0,0.0
2025-11-20 00:00:00+00:00,91459.3515625,93025.0703125,86040.796875,86631.8984375,97970645638,0.0,0.0
2025-11-21 00:00:00+00:00,86528.7734375,87380.8046875,80659.8125,85090.6875,129157506112,0.0,0.0
2025-11-22 00:00:00+00:00,85098.5625,85503.0078125,83490.8984375,84648.359375,40793099246,0.0,0.0
2025-11-23 00:00:00+00:00,84648.609375,88038.46875,84641.7734375,86805.0078125,58083435576,0.0,0.0
2025-11-24 00:00:00+00:00,86798.7734375,89206.3359375,85272.1953125,88270.5625,74433896110,0.0,0.0
2025-11-25 00:00:00+00:00,88269.9609375,88457.3359375,86131.4296875,87341.890625,64837343545,0.0,0.0
2025-11-26 00:00:00+00:00,87345.5859375,90581.15625,86316.8984375,90518.3671875,66496301869,0.0,0.0
2025-11-27 00:00:00+00:00,90517.765625,91897.578125,90089.515625,91285.375,57040622845,0.0,0.0
2025-11-28 00:00:00+00:00,91285.3828125,92969.0859375,90257.1171875,90919.265625,60895830289,0.0,0.0
2025-11-29 00:00:00+00:00,90918.7421875,91187.6171875,90260.1875,90851.7578125,37921773455,0.0,0.0
2025-11-30 00:00:00+00:00,90838.2109375,91965.046875,90394.3125,90394.3125,38497902869,0.0,0.0
2025-12-01 00:00:00+00:00,90389.109375,90398.15625,83862.25,86321.5703125,87962894424,0.0,0.0
2025-12-02 00:00:00+00:00,86322.5390625,92316.6328125,86202.1953125,91350.203125,78546798211,0.0,0.0
2025-12-03 00:00:00+00:00,91345.09375,94060.7734375,91056.390625,93527.8046875,77650204986,0.0,0.0
2025-12-04 00:00:00+00:00,93454.2578125,94038.2421875,90976.1015625,92141.625,64538402681,0.0,0.0
2025-12-05 00:00:00+00:00,92133.6484375,92702.640625,88152.140625,89387.7578125,63256398633,0.0,0.0
2025-12-06 00:00:00+00:00,89389.359375,90267.4609375,88951.6640625,89272.375,37994042405,0.0,0.0
2025-12-07 00:00:00+00:00,89277.8125,91740.84375,87799.5625,90405.640625,47394898960,0.0,0.0
2025-12-08 00:00:00+00:00,90424.5859375,92267.1171875,89644.890625,90640.203125,57394099056,0.0,0.0
2025-12-09 00:00:00+00:00,90639.703125,94601.5703125,89586.9765625,92691.7109375,66861721440,0.0,0.0
2025-12-10 00:00:00+00:00,92695.234375,94477.15625,91640.1328125,92020.9453125,65420694513,0.0,0.0
2025-12-11 00:00:00+00:00,92011.3046875,93554.265625,89335.296875,92511.3359375,64532834621,0.0,0.0
2025-12-12 00:00:00+00:00,92513.6640625,92747.9296875,89532.6015625,90270.4140625,80275884583,0.0,0.0
2025-12-13 00:00:00+00:00,90257.796875,90647.5703125,89800.9921875,90298.7109375,64237748110,0.0,0.0
2025-12-14 00:00:00+00:00,90296.4375,90498.109375,87634.9375,88175.1796875,50465972205,0.0,0.0
2025-12-15 00:00:00+00:00,88171.078125,89983.921875,85304.078125,86419.78125,45559514323,0.0,0.0
2025-12-16 00:00:00+00:00,86424.40625,88170.09375,85381.6875,87843.984375,41262178223,0.0,0.0
2025-12-17 00:00:00+00:00,87847.6171875,90264.5703125,85316.265625,86143.7578125,44243392914,0.0,0.0
2025-12-18 00:00:00+00:00,86144.3671875,89412.6640625,84436.3125,85462.5078125,52667115348,0.0,0.0
2025-12-19 00:00:00+00:00,85476.1328125,89339.1171875,85107.6640625,88103.3828125,46733310561,0.0,0.0
2025-12-20 00:00:00+00:00,88101.671875,88497.203125,87924.875,88344.0,14688196659,0.0,0.0
2025-12-21 00:00:00+00:00,88344.703125,89027.953125,87613.203125,88621.75,19845522660,0.0,0.0
2025-12-22 00:00:00+00:00,88621.3984375,90501.9296875,87908.0703125,88490.015625,38047472118,0.0,0.0
2025-12-23 00:00:00+00:00,88490.03125,88898.3828125,86606.9765625,87414.0,43683011533,0.0,0.0
2025-12-24 00:00:00+00:00,87404.3203125,87956.8828125,86411.796875,87611.9609375,25550297986,0.0,0.0
2025-12-25 00:00:00+00:00,87608.3203125,88501.7890625,86949.2578125,87234.7421875,19953216347,0.0,0.0
2025-12-26 00:00:00+00:00,87235.5078125,89459.4296875,86628.140625,87301.4296875,42455674908,0.0,0.0
2025-12-27 00:00:00+00:00,87301.4296875,87874.78125,87182.9765625,87802.15625,13741199310,0.0,0.0
2025-12-28 00:00:00+00:00,87799.34375,87986.890625,87394.953125,87835.8359375,15156557929,0.0,0.0
2025-12-29 00:00:00+00:00,87835.7890625,90299.15625,86717.9140625,87138.140625,48411625849,0.0,0.0
2025-12-30 00:00:00+00:00,87134.3515625,89297.9375,86735.546875,88430.1328125,35586356225,0.0,0.0
2025-12-31 00:00:00+00:00,88429.5859375,89080.2890625,87130.5625,87508.828125,33830210616,0.0,0.0
2026-01-01 00:00:00+00:00,87508.046875,88803.2265625,87399.40625,88731.984375,18849043990,0.0,0.0
2026-01-02 00:00:00+00:00,88733.0625,90884.4609375,88298.6171875,89944.6953125,46398906171,0.0,0.0
2026-01-03 00:00:00+00:00,89945.0546875,90679.5703125,89328.0703125,90603.1875,20774828592,0.0,0.0
2026-01-04 00:00:00+00:00,90603.0,91712.5859375,90595.1015625,91413.4921875,26770491368,0.0,0.0
2026-01-05 00:00:00+00:00,91414.625,94762.0703125,91414.625,93882.5546875,53376407252,0.0,0.0
2026-01-06 00:00:00+00:00,93876.9453125,94395.296875,91286.546875,93729.03125,52430605257,0.0,0.0
2026-01-07 00:00:00+00:00,93727.46875,93738.7890625,90601.8046875,91308.0546875,43461295053,0.0,0.0
2026-01-08 00:00:00+00:00,91309.640625,91485.8515625,89233.875,91027.125,42386697030,0.0,0.0
2026-01-09 00:00:00+00:00,91026.2734375,91910.671875,89625.3828125,90513.1015625,38305906684,0.0,0.0
2026-01-10 00:00:00+00:00,90510.1015625,90713.03125,90283.3984375,90386.6484375,12385895282,0.0,0.0
2026-01-11 00:00:00+00:00,90385.359375,91155.2265625,90212.0234375,90827.4609375,17165568977,0.0,0.0
2026-01-12 00:00:00+00:00,90825.859375,92395.5234375,90055.0234375,91192.9921875,41346275358,0.0,0.0
2026-01-13 00:00:00+00:00,91185.3359375,96011.625,90941.9296875,95321.78125,54980674354,0.0,0.0
2026-01-14 00:00:00+00:00,95322.90625,97860.6015625,94583.046875,96929.328125,60592490863,0.0,0.0
2026-01-15 00:00:00+00:00,96931.2890625,97150.171875,95103.2421875,95551.1875,53086363027,0.0,0.0
2026-01-16 00:00:00+00:00,95554.1015625,95801.890625,94259.2734375,95525.1171875,33248170537,0.0,0.0
2026-01-17 00:00:00+00:00,95525.15625,95598.4765625,95005.6171875,95099.921875,16021715122,0.0,0.0
2026-01-18 00:00:00+00:00,95101.1796875,95491.5078125,93588.8671875,93634.4296875,20809781232,0.0,0.0
2026-01-19 00:00:00+00:00,93655.671875,93660.828125,92089.25,92553.59375,39195241508,0.0,0.0
2026-01-20 00:00:00+00:00,92553.6015625,92798.4296875,87814.9296875,88310.90625,53072968031,0.0,0.0
2026-01-21 00:00:00+00:00,88326.5078125,90430.40625,87231.5703125,89376.9609375,56330422434,0.0,0.0
2026-01-22 00:00:00+00:00,89378.5234375,90258.9609375,88438.4453125,89462.453125,35549685694,0.0,0.0
2026-01-23 00:00:00+00:00,89462.046875,91100.25,88486.359375,89503.875,38997586037,0.0,0.0
2026-01-24 00:00:00+00:00,89506.1484375,89811.609375,89044.2890625,89110.734375,14558687712,0.0,0.0
2026-01-25 00:00:00+00:00,89104.765625,89193.1484375,86003.7109375,86572.21875,36124986722,0.0,0.0
2026-01-26 00:00:00+00:00,86566.5234375,88743.0703125,86429.2890625,88267.140625,45329286974,0.0,0.0
2026-01-27 00:00:00+00:00,88257.4765625,89427.125,87228.921875,89102.5703125,38744942267,0.0,0.0
2026-01-28 00:00:00+00:00,89104.046875,90439.2890625,88721.4609375,89184.5703125,39807419296,0.0,0.0
2026-01-29 00:00:00+00:00,89169.8515625,89200.78125,83250.6015625,84561.5859375,64653083162,0.0,0.0
2026-01-30 00:00:00+00:00,84562.7265625,84602.1640625,81071.4765625,84128.65625,72083816087,0.0,0.0
2026-01-31 00:00:00+00:00,84126.5,84136.921875,75815.8828125,78621.1171875,70479259159,0.0,0.0
2026-02-01 00:00:00+00:00,78626.125,79322.609375,75698.8984375,76974.4453125,53372509744,0.0,0.0
2026-02-02 00:00:00+00:00,76968.875,79258.609375,74551.3359375,78688.765625,75140589684,0.0,0.0
2026-02-03 00:00:00+00:00,78693.5078125,79118.8515625,72897.140625,75633.546875,68249110822,0.0,0.0
2026-02-04 00:00:00+00:00,75640.09375,76864.65625,71779.9296875,73019.703125,67215363944,0.0,0.0
2026-02-05 00:00:00+00:00,73016.375,73161.5546875,62353.53515625,62702.09765625,125509410908,0.0,0.0
2026-02-06 00:00:00+00:00,62704.453125,71681.3046875,60074.203125,70555.390625,114674259489,0.0,0.0
2026-02-07 00:00:00+00:00,70553.796875,71611.1484375,67364.4453125,69281.96875,62347107663,0.0,0.0
2026-02-08 00:00:00+00:00,69283.7265625,72206.90625,68852.8984375,70264.7265625,39721722619,0.0,0.0
2026-02-09 00:00:00+00:00,70243.328125,71369.96875,68291.03125,70120.78125,52081598792,0.0,0.0
2026-02-10 00:00:00+00:00,70137.390625,70464.265625,67913.09375,68793.9609375,40593063077,0.0,0.0
2026-02-11 00:00:00+00:00,68791.859375,69242.6796875,65757.3046875,66991.96875,49671946030,0.0,0.0
2026-02-12 00:00:00+00:00,66992.1953125,68339.4921875,65092.109375,66221.84375,44651071271,0.0,0.0
2026-02-13 00:00:00+00:00,66213.375,69382.8359375,65835.78125,68857.84375,40820775886,0.0,0.0
2026-02-14 00:00:00+00:00,68856.984375,70481.1640625,68706.6171875,69767.625,36012397645,0.0,0.0
2026-02-15 00:00:00+00:00,69764.953125,70939.2890625,68052.546875,68788.1875,40191152750,0.0,0.0
2026-02-16 00:00:00+00:00,68782.3984375,70067.234375,67301.5859375,68843.15625,33618145426,0.0,0.0
2026-02-17 00:00:00+00:00,68843.09375,69201.8671875,66615.28125,67494.21875,34866936040,0.0,0.0
2026-02-18 00:00:00+00:00,67488.0234375,68434.4296875,65845.8984375,66425.3203125,33094301643,0.0,0.0
2026-02-19 00:00:00+00:00,66425.625,67277.125,65637.4296875,66957.5234375,31492987019,0.0,0.0
2026-02-20 00:00:00+00:00,66958.578125,68269.03125,66452.484375,68005.421875,47507867304,0.0,0.0
2026-02-21 00:00:00+00:00,68000.25,68657.703125,67533.0703125,68003.765625,18357635642,0.0,0.0
2026-02-22 00:00:00+00:00,67998.828125,68235.2265625,67185.6015625,67659.390625,17893536012,0.0,0.0
2026-02-23 00:00:00+00:00,67668.4296875,67668.4296875,63924.4375,64616.73828125,50953457309,0.0,0.0
2026-02-24 00:00:00+00:00,64616.015625,64992.15625,62553.1875,64080.04296875,40849331086,0.0,0.0
2026-02-25 00:00:00+00:00,64077.76953125,69953.53125,63942.484375,67960.125,53629234355,0.0,0.0
2026-02-26 00:00:00+00:00,67954.8671875,68843.3515625,66523.734375,67453.7734375,42988597523,0.0,0.0
2026-02-27 00:00:00+00:00,67456.515625,68220.40625,64946.03515625,65881.796875,40283655942,0.0,0.0
2026-02-28 00:00:00+00:00,65878.9296875,67714.5234375,63062.21875,66995.859375,42041497112,0.0,0.0
2026-03-01 00:00:00+00:00,67005.8828125,68162.8203125,65076.73046875,65738.1015625,40733141929,0.0,0.0
2026-03-02 00:00:00+00:00,65734.078125,70044.0,65303.13671875,68775.8515625,56698092052,0.0,0.0
2026-03-03 00:00:00+00:00,68785.078125,69232.890625,66237.6171875,68293.6484375,47947999049,0.0,0.0
2026-03-04 00:00:00+00:00,68290.5625,74051.8046875,67437.40625,72710.578125,75073101274,0.0,0.0
2026-03-05 00:00:00+00:00,72712.65625,73555.7890625,70654.8828125,70841.125,51172841727,0.0,0.0
2026-03-06 00:00:00+00:00,70842.15625,71378.5703125,67757.8203125,68136.4921875,43776962871,0.0,0.0
2026-03-07 00:00:00+00:00,68136.6875,68515.1640625,66969.2578125,67272.59375,23258701211,0.0,0.0
2026-03-08 00:00:00+00:00,67272.5,68177.7890625,65639.1953125,65969.78125,33195080116,0.0,0.0
