Date,open,high,low,close,volume,Dividends,Stock Splits
2022-01-01 00:00:00+00:00,3683.047119140625,3769.91796875,3682.28662109375,3769.697021484375,9776191466,0.0,0.0
2022-01-02 00:00:00+00:00,3769.29833984375,3836.161865234375,3727.357421875,3829.56494140625,9881471548,0.0,0.0
2022-01-03 00:00:00+00:00,3829.53564453125,3836.19873046875,3698.047607421875,3761.38037109375,12080777893,0.0,0.0
2022-01-04 00:00:00+00:00,3761.361572265625,3876.78515625,3723.349853515625,3794.056640625,14030925983,0.0,0.0
2022-01-05 00:00:00+00:00,3794.26904296875,3842.059814453125,3456.745361328125,3550.386962890625,18061338502,0.0,0.0
2022-01-06 00:00:00+00:00,3549.708984375,3549.708984375,3335.376708984375,3418.408203125,24293791313,0.0,0.0
2022-01-07 00:00:00+00:00,3417.837890625,3420.4619140625,3117.38134765625,3193.21044921875,24494179209,0.0,0.0
2022-01-08 00:00:00+00:00,3193.50244140625,3240.304443359375,3020.880859375,3091.97265625,16037732700,0.0,0.0
2022-01-09 00:00:00+00:00,3091.6962890625,3206.790771484375,3075.911376953125,3157.75146484375,12334683863,0.0,0.0
2022-01-10 00:00:00+00:00,3157.570556640625,3177.21337890625,2947.68359375,3083.097900390625,19535744145,0.0,0.0
2022-01-11 00:00:00+00:00,3082.990966796875,3247.511962890625,3061.140625,3238.111572265625,15211447193,0.0,0.0
2022-01-12 00:00:00+00:00,3238.449951171875,3401.219970703125,3216.718017578125,3372.25830078125,16662871689,0.0,0.0
2022-01-13 00:00:00+00:00,3372.10498046875,3396.9697265625,3247.91748046875,3248.28857421875,15294466275,0.0,0.0
2022-01-14 00:00:00+00:00,3248.648681640625,3330.76611328125,3203.82373046875,3310.00146484375,13562957230,0.0,0.0
2022-01-15 00:00:00+00:00,3309.84423828125,3364.537841796875,3278.6708984375,3330.53076171875,9619999078,0.0,0.0
2022-01-16 00:00:00+00:00,3330.38720703125,3376.401123046875,3291.563720703125,3350.921875,9505934874,0.0,0.0
2022-01-17 00:00:00+00:00,3350.947265625,3355.8193359375,3157.22412109375,3212.304931640625,12344309617,0.0,0.0
2022-01-18 00:00:00+00:00,3212.28759765625,3236.01611328125,3096.12353515625,3164.025146484375,13024154091,0.0,0.0
2022-01-19 00:00:00+00:00,3163.850341796875,3171.158447265625,3055.21240234375,3095.825927734375,13187424144,0.0,0.0
2022-01-20 00:00:00+00:00,3095.271728515625,3265.3369140625,3000.908203125,3001.1201171875,10645922764,0.0,0.0
2022-01-21 00:00:00+00:00,3002.956787109375,3029.0810546875,2496.81298828125,2557.931640625,26796291874,0.0,0.0
2022-01-22 00:00:00+00:00,2561.145263671875,2615.247314453125,2330.247314453125,2405.18115234375,27369692036,0.0,0.0
2022-01-23 00:00:00+00:00,2406.92431640625,2542.144775390625,2381.51513671875,2535.0390625,16481489511,0.0,0.0
2022-01-24 00:00:00+00:00,2535.89111328125,2537.20849609375,2172.30126953125,2440.352294921875,28220804648,0.0,0.0
2022-01-25 00:00:00+00:00,2440.3935546875,2498.507080078125,2359.384765625,2455.93505859375,16179776932,0.0,0.0
2022-01-26 00:00:00+00:00,2455.5791015625,2705.7841796875,2417.68310546875,2468.0302734375,21229909340,0.0,0.0
2022-01-27 00:00:00+00:00,2467.1884765625,2510.45166015625,2328.4521484375,2423.001220703125,16126522783,0.0,0.0
2022-01-28 00:00:00+00:00,2421.64697265625,2548.778564453125,2367.833740234375,2547.092041015625,14666227351,0.0,0.0
2022-01-29 00:00:00+00:00,2546.590576171875,2627.609375,2526.98974609375,2597.084716796875,11172062661,0.0,0.0
2022-01-30 00:00:00+00:00,2598.56494140625,2631.408447265625,2550.4609375,2603.466552734375,9501221177,0.0,0.0
2022-01-31 00:00:00+00:00,2603.263427734375,2697.7353515625,2489.072265625,2688.27880859375,13778234614,0.0,0.0
2022-02-01 00:00:00+00:00,2687.89892578125,2802.3154296875,2682.621826171875,2792.1171875,13194846235,0.0,0.0
2022-02-02 00:00:00+00:00,2791.958984375,2802.212158203125,2630.120361328125,2682.85400390625,13876301217,0.0,0.0
2022-02-03 00:00:00+00:00,2682.22607421875,2712.482666015625,2587.783447265625,2679.16259765625,12755505065,0.0,0.0
2022-02-04 00:00:00+00:00,2681.0576171875,2983.5869140625,2675.44384765625,2983.5869140625,18987223729,0.0,0.0
2022-02-05 00:00:00+00:00,2984.446044921875,3054.130126953125,2966.781005859375,3014.648193359375,13102093957,0.0,0.0
2022-02-06 00:00:00+00:00,3014.959716796875,3061.26123046875,2965.429931640625,3057.47607421875,9466018022,0.0,0.0
2022-02-07 00:00:00+00:00,3057.422119140625,3182.5283203125,3002.927001953125,3142.470703125,15197063785,0.0,0.0
2022-02-08 00:00:00+00:00,3143.008544921875,3219.47265625,3038.3779296875,3122.608642578125,17136080906,0.0,0.0
2022-02-09 00:00:00+00:00,3121.1826171875,3263.15576171875,3063.16015625,3239.45703125,13951308490,0.0,0.0
2022-02-10 00:00:00+00:00,3240.113037109375,3271.316162109375,3070.378173828125,3077.482177734375,18629485080,0.0,0.0
2022-02-11 00:00:00+00:00,3077.4130859375,3127.45068359375,2888.707763671875,2927.383544921875,16043881065,0.0,0.0
2022-02-12 00:00:00+00:00,2927.386474609375,2980.079345703125,2870.177001953125,2917.36279296875,11254355757,0.0,0.0
2022-02-13 00:00:00+00:00,2916.78955078125,2947.776611328125,2845.397705078125,2883.46337890625,9054963563,0.0,0.0
2022-02-14 00:00:00+00:00,2880.187744140625,2957.963623046875,2840.257568359375,2933.47900390625,12164552172,0.0,0.0
2022-02-15 00:00:00+00:00,2933.72900390625,3185.520751953125,2917.857177734375,3179.877197265625,13921257873,0.0,0.0
2022-02-16 00:00:00+00:00,3180.44677734375,3181.616943359375,3055.168212890625,3127.830078125,12352406833,0.0,0.0
2022-02-17 00:00:00+00:00,3126.8583984375,3154.615234375,2861.85205078125,2881.48193359375,15860206214,0.0,0.0
2022-02-18 00:00:00+00:00,2884.340576171875,2937.30859375,2761.643310546875,2785.7275390625,15748173433,0.0,0.0
2022-02-19 00:00:00+00:00,2784.872802734375,2826.347900390625,2707.37841796875,2763.701171875,9774183169,0.0,0.0
2022-02-20 00:00:00+00:00,2763.756591796875,2763.756591796875,2585.9462890625,2628.6484375,11641437834,0.0,0.0
2022-02-21 00:00:00+00:00,2627.66552734375,2752.45849609375,2568.25439453125,2573.816162109375,18646392740,0.0,0.0
2022-02-22 00:00:00+00:00,2572.898681640625,2648.916748046875,2510.6787109375,2639.29931640625,16360200507,0.0,0.0
2022-02-23 00:00:00+00:00,2639.447021484375,2741.368408203125,2587.412841796875,2590.359619140625,13382637240,0.0,0.0
2022-02-24 00:00:00+00:00,2588.166259765625,2689.047607421875,2308.914794921875,2598.067138671875,29312342666,0.0,0.0
2022-02-25 00:00:00+00:00,2598.436279296875,2821.972412109375,2579.2080078125,2764.53564453125,17208902048,0.0,0.0
2022-02-26 00:00:00+00:00,2764.989501953125,2849.424072265625,2745.009033203125,2781.11181640625,11724648351,0.0,0.0
2022-02-27 00:00:00+00:00,2780.50439453125,2831.12548828125,2581.61572265625,2621.8017578125,16150857254,0.0,0.0
2022-02-28 00:00:00+00:00,2621.172119140625,2929.180419921875,2586.38818359375,2919.201171875,19266124733,0.0,0.0
2022-03-01 00:00:00+00:00,2919.77587890625,3029.651611328125,2868.93896484375,2972.485107421875,18757425786,0.0,0.0
2022-03-02 00:00:00+00:00,2972.471923828125,3026.8681640625,2919.943115234375,2950.118408203125,16636517503,0.0,0.0
2022-03-03 00:00:00+00:00,2950.15673828125,2964.67333984375,2797.3193359375,2834.468994140625,13091199728,0.0,0.0
2022-03-04 00:00:00+00:00,2834.9873046875,2835.17626953125,2587.748291015625,2617.156005859375,14496939024,0.0,0.0
2022-03-05 00:00:00+00:00,2618.4736328125,2679.1025390625,2596.989990234375,2664.8310546875,8072368396,0.0,0.0
2022-03-06 00:00:00+00:00,2664.943603515625,2673.63720703125,2555.037353515625,2555.037353515625,8872976607,0.0,0.0
2022-03-07 00:00:00+00:00,2555.297607421875,2639.943115234375,2455.59375,2497.771240234375,14594098731,0.0,0.0
2022-03-08 00:00:00+00:00,2497.721435546875,2618.166015625,2489.755126953125,2576.74755859375,13922922903,0.0,0.0
2022-03-09 00:00:00+00:00,2577.165283203125,2761.79638671875,2573.6552734375,2729.783447265625,14173665398,0.0,0.0
2022-03-10 00:00:00+00:00,2729.116455078125,2729.116455078125,2566.193115234375,2608.048583984375,13292477213,0.0,0.0
2022-03-11 00:00:00+00:00,2608.271240234375,2664.55859375,2534.688232421875,2559.56298828125,12382419582,0.0,0.0
2022-03-12 00:00:00+00:00,2559.66064453125,2606.438720703125,2559.126953125,2574.754150390625,6532996574,0.0,0.0
2022-03-13 00:00:00+00:00,2573.488037109375,2594.5498046875,2503.88525390625,2518.944580078125,8632000379,0.0,0.0
2022-03-14 00:00:00+00:00,2518.486328125,2604.034423828125,2505.29931640625,2590.696044921875,11244398839,0.0,0.0
2022-03-15 00:00:00+00:00,2590.6689453125,2662.32958984375,2515.765869140625,2620.149658203125,12861105614,0.0,0.0
2022-03-16 00:00:00+00:00,2620.028564453125,2781.30712890625,2610.764404296875,2772.0556640625,17915109769,0.0,0.0
2022-03-17 00:00:00+00:00,2771.964111328125,2826.16064453125,2751.560791015625,2814.8544921875,12685265194,0.0,0.0
2022-03-18 00:00:00+00:00,2814.4345703125,2973.6162109375,2774.855712890625,2945.343017578125,15830879093,0.0,0.0
2022-03-19 00:00:00+00:00,2944.7216796875,2979.987060546875,2910.80224609375,2946.257080078125,11576463120,0.0,0.0
2022-03-20 00:00:00+00:00,2946.547607421875,2956.965576171875,2826.107421875,2860.459228515625,12684727326,0.0,0.0
2022-03-21 00:00:00+00:00,2860.103271484375,2954.556640625,2838.25048828125,2897.9765625,15206116098,0.0,0.0
2022-03-22 00:00:00+00:00,2897.774169921875,3040.3828125,2892.54443359375,2973.131103515625,16830539230,0.0,0.0
2022-03-23 00:00:00+00:00,2973.14501953125,3036.752197265625,2933.306640625,3031.067138671875,16008767658,0.0,0.0
2022-03-24 00:00:00+00:00,3031.060791015625,3118.3876953125,3012.32666015625,3108.06201171875,18070503166,0.0,0.0
2022-03-25 00:00:00+00:00,3108.448974609375,3183.9580078125,3087.49072265625,3106.67138671875,17030503831,0.0,0.0
2022-03-26 00:00:00+00:00,3106.4052734375,3146.825439453125,3091.825439453125,3143.178955078125,8876420740,0.0,0.0
2022-03-27 00:00:00+00:00,3143.795654296875,3291.57763671875,3129.997802734375,3291.57763671875,13431866834,0.0,0.0
2022-03-28 00:00:00+00:00,3292.322509765625,3424.019287109375,3279.027099609375,3336.634521484375,20620450770,0.0,0.0
2022-03-29 00:00:00+00:00,3335.021240234375,3470.186279296875,3335.021240234375,3401.98779296875,19533323636,0.0,0.0
2022-03-30 00:00:00+00:00,3401.526123046875,3435.2861328125,3349.237060546875,3385.157958984375,15302506131,0.0,0.0
2022-03-31 00:00:00+00:00,3385.289306640625,3435.12841796875,3272.9345703125,3281.642822265625,17685495686,0.0,0.0
2022-04-01 00:00:00+00:00,3282.576171875,3467.555908203125,3223.891357421875,3449.55224609375,20982988937,0.0,0.0
2022-04-02 00:00:00+00:00,3449.78857421875,3521.28466796875,3442.000244140625,3445.059326171875,23571556215,0.0,0.0
2022-04-03 00:00:00+00:00,3444.810546875,3573.960205078125,3421.259765625,3522.83349609375,15333808649,0.0,0.0
2022-04-04 00:00:00+00:00,3522.364990234375,3535.148193359375,3422.0009765625,3521.2412109375,18209969743,0.0,0.0
2022-04-05 00:00:00+00:00,3521.23974609375,3546.706787109375,3410.547607421875,3411.79248046875,16681503199,0.0,0.0
2022-04-06 00:00:00+00:00,3411.672119140625,3411.672119140625,3171.205078125,3171.69189453125,25632563639,0.0,0.0
2022-04-07 00:00:00+00:00,3172.197265625,3263.474609375,3155.5810546875,3233.274658203125,16745496605,0.0,0.0
2022-04-08 00:00:00+00:00,3233.2724609375,3301.607421875,3179.142333984375,3192.073974609375,17557050669,0.0,0.0
2022-04-09 00:00:00+00:00,3191.97607421875,3261.963134765625,3187.46923828125,3261.916259765625,9908112156,0.0,0.0
2022-04-10 00:00:00+00:00,3261.29150390625,3303.003173828125,3211.866943359375,3211.866943359375,10427054790,0.0,0.0
2022-04-11 00:00:00+00:00,3209.576904296875,3214.4619140625,2962.756591796875,2981.05224609375,21891804831,0.0,0.0
2022-04-12 00:00:00+00:00,2981.420654296875,3077.45263671875,2957.872314453125,3030.37646484375,20235707410,0.0,0.0
2022-04-13 00:00:00+00:00,3029.8779296875,3123.575439453125,3006.481689453125,3118.34423828125,16088473629,0.0,0.0
2022-04-14 00:00:00+00:00,3117.82177734375,3139.9287109375,2988.435302734375,3019.909423828125,15821419931,0.0,0.0
2022-04-15 00:00:00+00:00,3020.134521484375,3044.287353515625,3001.123291015625,3040.91650390625,11256651536,0.0,0.0
2022-04-16 00:00:00+00:00,3041.123291015625,3074.886962890625,3016.421142578125,3062.310302734375,8766710365,0.0,0.0
2022-04-17 00:00:00+00:00,3061.8818359375,3075.77587890625,2989.0439453125,2993.4033203125,10463091281,0.0,0.0
2022-04-18 00:00:00+00:00,2993.48388671875,3062.52099609375,2893.912841796875,3057.606689453125,18629381299,0.0,0.0
2022-04-19 00:00:00+00:00,3057.5703125,3125.084228515625,3035.53515625,3104.1064453125,14156035096,0.0,0.0
2022-04-20 00:00:00+00:00,3103.93505859375,3157.8857421875,3045.288330078125,3077.745849609375,15547362265,0.0,0.0
2022-04-21 00:00:00+00:00,3077.829345703125,3173.451416015625,2962.410400390625,2987.480712890625,20783591093,0.0,0.0
2022-04-22 00:00:00+00:00,2986.938720703125,3024.8544921875,2942.358642578125,2964.835693359375,16782795477,0.0,0.0
2022-04-23 00:00:00+00:00,2964.80224609375,2975.32275390625,2926.740234375,2938.114013671875,9116955609,0.0,0.0
2022-04-24 00:00:00+00:00,2937.34716796875,2961.882080078125,2922.128662109375,2922.732666015625,9696829579,0.0,0.0
2022-04-25 00:00:00+00:00,2922.990234375,3018.41552734375,2804.507080078125,3009.3935546875,22332690614,0.0,0.0
2022-04-26 00:00:00+00:00,3008.9462890625,3026.4150390625,2786.253173828125,2808.29833984375,19052045399,0.0,0.0
2022-04-27 00:00:00+00:00,2808.64599609375,2911.87744140625,2802.2734375,2888.9296875,17419284041,0.0,0.0
2022-04-28 00:00:00+00:00,2888.849853515625,2973.135009765625,2861.821533203125,2936.94091796875,18443524633,0.0,0.0
2022-04-29 00:00:00+00:00,2936.776611328125,2943.44580078125,2782.435302734375,2815.601806640625,18771041399,0.0,0.0
2022-04-30 00:00:00+00:00,2815.533447265625,2836.82763671875,2727.40625,2730.186767578125,13520941867,0.0,0.0
2022-05-01 00:00:00+00:00,2729.994140625,2838.704345703125,2728.078857421875,2827.756103515625,15332730152,0.0,0.0
2022-05-02 00:00:00+00:00,2827.614013671875,2874.14599609375,2785.52294921875,2857.410400390625,18609741545,0.0,0.0
2022-05-03 00:00:00+00:00,2857.15234375,2859.193359375,2762.11865234375,2783.476318359375,13026093219,0.0,0.0
2022-05-04 00:00:00+00:00,2783.131103515625,2956.686767578125,2779.273681640625,2940.644775390625,18186749944,0.0,0.0
2022-05-05 00:00:00+00:00,2940.2265625,2948.960693359375,2704.916259765625,2749.213134765625,22642925048,0.0,0.0
2022-05-06 00:00:00+00:00,2748.931640625,2754.837646484375,2645.335205078125,2694.979736328125,21027599270,0.0,0.0
2022-05-07 00:00:00+00:00,2694.991943359375,2696.65283203125,2599.5234375,2636.093017578125,13369276367,0.0,0.0
2022-05-08 00:00:00+00:00,2636.121826171875,2638.83056640625,2498.43017578125,2517.4599609375,20802269935,0.0,0.0
2022-05-09 00:00:00+00:00,2518.50830078125,2528.258056640625,2238.062744140625,2245.430419921875,36333567678,0.0,0.0
2022-05-10 00:00:00+00:00,2242.650390625,2450.76025390625,2206.7568359375,2343.510986328125,38202099639,0.0,0.0
2022-05-11 00:00:00+00:00,2342.754150390625,2441.079345703125,2018.8555908203125,2072.108642578125,45743399154,0.0,0.0
2022-05-12 00:00:00+00:00,2072.504638671875,2170.4580078125,1748.3031005859375,1961.7015380859375,42463486402,0.0,0.0
2022-05-13 00:00:00+00:00,1960.12255859375,2139.71337890625,1941.9759521484375,2014.418212890625,24816096567,0.0,0.0
2022-05-14 00:00:00+00:00,2014.2806396484375,2063.429931640625,1956.572998046875,2056.27392578125,15457044616,0.0,0.0
2022-05-15 00:00:00+00:00,2056.18310546875,2147.1943359375,2008.1627197265625,2145.706787109375,14846088335,0.0,0.0
2022-05-16 00:00:00+00:00,2145.8369140625,2145.8369140625,1988.811767578125,2022.7259521484375,21459552191,0.0,0.0
2022-05-17 00:00:00+00:00,2022.88232421875,2113.059814453125,2015.9715576171875,2090.4091796875,18509929297,0.0,0.0
2022-05-18 00:00:00+00:00,2090.4599609375,2102.32666015625,1916.6561279296875,1916.6561279296875,17740965589,0.0,0.0
2022-05-19 00:00:00+00:00,1916.1495361328125,2028.38818359375,1907.0205078125,2018.336181640625,18734247914,0.0,0.0
2022-05-20 00:00:00+00:00,2018.0001220703125,2054.7958984375,1926.6767578125,1961.315673828125,15892482289,0.0,0.0
2022-05-21 00:00:00+00:00,1961.0179443359375,1985.39599609375,1944.26513671875,1974.518310546875,8546822406,0.0,0.0
2022-05-22 00:00:00+00:00,1974.670654296875,2047.19140625,1966.038818359375,2043.170166015625,10941123403,0.0,0.0
2022-05-23 00:00:00+00:00,2042.3447265625,2080.33349609375,1964.3865966796875,1972.181884765625,16434529708,0.0,0.0
2022-05-24 00:00:00+00:00,1972.390869140625,1991.5355224609375,1920.6881103515625,1978.9827880859375,13057109007,0.0,0.0
2022-05-25 00:00:00+00:00,1978.677001953125,2014.3695068359375,1943.9385986328125,1944.827880859375,13364545730,0.0,0.0
2022-05-26 00:00:00+00:00,1945.0333251953125,1962.171142578125,1759.1995849609375,1803.913330078125,23458681818,0.0,0.0
2022-05-27 00:00:00+00:00,1802.5438232421875,1814.656494140625,1721.2647705078125,1724.9228515625,25470760032,0.0,0.0
2022-05-28 00:00:00+00:00,1724.635986328125,1757.9417724609375,1724.635986328125,1757.9417724609375,23214777872,0.0,0.0
2022-05-29 00:00:00+00:00,1792.1844482421875,1818.776611328125,1765.9373779296875,1812.031005859375,10642556101,0.0,0.0
2022-05-30 00:00:00+00:00,1811.885986328125,2005.2108154296875,1804.4560546875,1996.4412841796875,19580808705,0.0,0.0
2022-05-31 00:00:00+00:00,1996.4080810546875,2005.490966796875,1932.35205078125,1942.3280029296875,18363115560,0.0,0.0
2022-06-01 00:00:00+00:00,1942.0506591796875,1965.1666259765625,1776.05322265625,1823.5693359375,21037797760,0.0,0.0
2022-06-02 00:00:00+00:00,1822.412109375,1845.31396484375,1789.6641845703125,1834.1505126953125,17065041354,0.0,0.0
2022-06-03 00:00:00+00:00,1834.135009765625,1840.058837890625,1746.509765625,1775.07861328125,14878001811,0.0,0.0
2022-06-04 00:00:00+00:00,1775.2208251953125,1810.2996826171875,1751.5333251953125,1801.6094970703125,8677951273,0.0,0.0
2022-06-05 00:00:00+00:00,1801.8189697265625,1825.859619140625,1777.13330078125,1805.2049560546875,8850385937,0.0,0.0
2022-06-06 00:00:00+00:00,1805.635986328125,1915.030517578125,1804.990234375,1859.2896728515625,16518471852,0.0,0.0
2022-06-07 00:00:00+00:00,1859.333740234375,1862.9149169921875,1729.41357421875,1814.04833984375,24020076750,0.0,0.0
2022-06-08 00:00:00+00:00,1814.1007080078125,1830.676025390625,1770.231201171875,1793.572265625,18041476023,0.0,0.0
2022-06-09 00:00:00+00:00,1793.5128173828125,1827.2930908203125,1779.8675537109375,1789.8260498046875,12013083393,0.0,0.0
2022-06-10 00:00:00+00:00,1789.68994140625,1797.6077880859375,1663.4339599609375,1665.042236328125,18504740451,0.0,0.0
2022-06-11 00:00:00+00:00,1665.2178955078125,1679.314208984375,1507.0389404296875,1529.6634521484375,21127089064,0.0,0.0
2022-06-12 00:00:00+00:00,1530.189697265625,1539.705078125,1436.1839599609375,1445.216552734375,23465074882,0.0,0.0
2022-06-13 00:00:00+00:00,1443.83544921875,1448.738037109375,1181.9482421875,1204.582763671875,45162788786,0.0,0.0
2022-06-14 00:00:00+00:00,1204.5552978515625,1252.4718017578125,1094.701904296875,1211.662841796875,33327826525,0.0,0.0
2022-06-15 00:00:00+00:00,1211.365966796875,1236.6275634765625,1025.6842041015625,1233.2064208984375,37539999450,0.0,0.0
2022-06-16 00:00:00+00:00,1233.603515625,1246.140625,1058.7845458984375,1067.730712890625,18907671369,0.0,0.0
2022-06-17 00:00:00+00:00,1067.9876708984375,1112.4715576171875,1060.86767578125,1086.519287109375,14591486540,0.0,0.0
2022-06-18 00:00:00+00:00,1086.3779296875,1095.1668701171875,896.1090087890625,993.6367797851562,21655406608,0.0,0.0
2022-06-19 00:00:00+00:00,993.400634765625,1142.3408203125,943.1163330078125,1127.656494140625,21795481981,0.0,0.0
2022-06-20 00:00:00+00:00,1127.65625,1159.9853515625,1066.1131591796875,1127.6424560546875,19739691429,0.0,0.0
2022-06-21 00:00:00+00:00,1127.5118408203125,1185.4324951171875,1112.5726318359375,1124.8245849609375,15632089439,0.0,0.0
2022-06-22 00:00:00+00:00,1125.3729248046875,1126.26171875,1049.7633056640625,1051.421875,15010593493,0.0,0.0
2022-06-23 00:00:00+00:00,1051.329345703125,1146.4942626953125,1050.2196044921875,1143.38671875,14657862919,0.0,0.0
2022-06-24 00:00:00+00:00,1143.2047119140625,1238.616943359375,1134.5140380859375,1226.8447265625,16981552654,0.0,0.0
2022-06-25 00:00:00+00:00,1226.7247314453125,1246.394287109375,1184.56201171875,1243.4468994140625,12481946184,0.0,0.0
2022-06-26 00:00:00+00:00,1242.987548828125,1272.1312255859375,1199.4063720703125,1199.8316650390625,12096607824,0.0,0.0
2022-06-27 00:00:00+00:00,1199.713134765625,1234.1807861328125,1179.79248046875,1193.6806640625,12492225250,0.0,0.0
2022-06-28 00:00:00+00:00,1193.2540283203125,1229.739013671875,1141.15966796875,1144.5792236328125,14023205651,0.0,0.0
2022-06-29 00:00:00+00:00,1144.5244140625,1152.684814453125,1092.09912109375,1098.94384765625,15386286815,0.0,0.0
2022-06-30 00:00:00+00:00,1099.3531494140625,1103.6904296875,1009.0948486328125,1067.298828125,16350755497,0.0,0.0
2022-07-01 00:00:00+00:00,1068.3167724609375,1100.223876953125,1040.1507568359375,1059.767333984375,17499453625,0.0,0.0
2022-07-02 00:00:00+00:00,1060.1212158203125,1073.0526123046875,1033.962158203125,1066.5128173828125,9935603640,0.0,0.0
2022-07-03 00:00:00+00:00,1066.4674072265625,1083.4189453125,1044.005615234375,1073.7669677734375,8557248150,0.0,0.0
2022-07-04 00:00:00+00:00,1073.7943115234375,1152.94384765625,1048.3963623046875,1151.05908203125,13670889311,0.0,0.0
2022-07-05 00:00:00+00:00,1150.509765625,1165.6827392578125,1086.8299560546875,1134.541015625,16195518291,0.0,0.0
2022-07-06 00:00:00+00:00,1134.822265625,1193.63671875,1116.24755859375,1186.9739990234375,15373536703,0.0,0.0
2022-07-07 00:00:00+00:00,1186.9609375,1246.8948974609375,1165.6231689453125,1237.5933837890625,14230795894,0.0,0.0
2022-07-08 00:00:00+00:00,1237.580322265625,1262.8857421875,1200.6322021484375,1222.5062255859375,16315929082,0.0,0.0
2022-07-09 00:00:00+00:00,1222.306884765625,1228.7679443359375,1209.3775634765625,1216.978271484375,8821353104,0.0,0.0
2022-07-10 00:00:00+00:00,1216.9044189453125,1216.9044189453125,1157.175537109375,1168.401611328125,10984558039,0.0,0.0
2022-07-11 00:00:00+00:00,1168.1390380859375,1169.19384765625,1095.0028076171875,1097.236572265625,12064180410,0.0,0.0
2022-07-12 00:00:00+00:00,1097.2591552734375,1097.2591552734375,1038.1356201171875,1038.191650390625,12583282453,0.0,0.0
2022-07-13 00:00:00+00:00,1038.1866455078125,1113.587158203125,1019.2203369140625,1113.587158203125,18302588147,0.0,0.0
2022-07-14 00:00:00+00:00,1113.5157470703125,1202.953369140625,1077.40576171875,1191.5262451171875,16688640823,0.0,0.0
2022-07-15 00:00:00+00:00,1191.6748046875,1275.7781982421875,1182.9031982421875,1233.129150390625,17411448225,0.0,0.0
2022-07-16 00:00:00+00:00,1232.7916259765625,1377.944580078125,1195.60595703125,1352.62646484375,18364013796,0.0,0.0
2022-07-17 00:00:00+00:00,1353.205078125,1378.41748046875,1329.7633056640625,1338.6357421875,16079711737,0.0,0.0
2022-07-18 00:00:00+00:00,1338.8060302734375,1578.7178955078125,1338.8060302734375,1578.7178955078125,27440420623,0.0,0.0
2022-07-19 00:00:00+00:00,1578.3839111328125,1607.0330810546875,1501.7974853515625,1542.9752197265625,27753529276,0.0,0.0
2022-07-20 00:00:00+00:00,1542.954345703125,1612.645751953125,1500.80322265625,1520.20068359375,22942708340,0.0,0.0
2022-07-21 00:00:00+00:00,1520.37451171875,1595.761962890625,1472.1854248046875,1576.74951171875,20009556587,0.0,0.0
2022-07-22 00:00:00+00:00,1576.745361328125,1641.209228515625,1523.6417236328125,1537.4051513671875,18926100582,0.0,0.0
2022-07-23 00:00:00+00:00,1536.4573974609375,1591.632568359375,1495.6781005859375,1549.2974853515625,14998811383,0.0,0.0
2022-07-24 00:00:00+00:00,1549.2225341796875,1654.4287109375,1548.671142578125,1599.4766845703125,17217849557,0.0,0.0
2022-07-25 00:00:00+00:00,1599.1572265625,1605.3369140625,1445.3834228515625,1445.3834228515625,20585056021,0.0,0.0
2022-07-26 00:00:00+00:00,1445.151123046875,1445.151123046875,1362.95166015625,1441.8067626953125,18238563509,0.0,0.0
2022-07-27 00:00:00+00:00,1443.726806640625,1636.7994384765625,1423.618896484375,1636.232666015625,23007524016,0.0,0.0
2022-07-28 00:00:00+00:00,1636.23193359375,1774.576416015625,1604.8909912109375,1725.4681396484375,27231399966,0.0,0.0
2022-07-29 00:00:00+00:00,1725.6239013671875,1759.884033203125,1662.7911376953125,1727.406982421875,23249531113,0.0,0.0
2022-07-30 00:00:00+00:00,1727.0618896484375,1738.016845703125,1678.1080322265625,1695.969482421875,15576977870,0.0,0.0
2022-07-31 00:00:00+00:00,1695.884765625,1745.8831787109375,1672.61279296875,1681.517333984375,14200735370,0.0,0.0
2022-08-01 00:00:00+00:00,1681.445556640625,1700.1708984375,1613.416015625,1635.19580078125,16191371176,0.0,0.0
2022-08-02 00:00:00+00:00,1634.6458740234375,1672.6297607421875,1567.85107421875,1632.9454345703125,20426082309,0.0,0.0
2022-08-03 00:00:00+00:00,1633.05126953125,1678.0982666015625,1595.634521484375,1618.87451171875,16786218830,0.0,0.0
2022-08-04 00:00:00+00:00,1618.88671875,1658.5115966796875,1585.3265380859375,1608.205810546875,14467440626,0.0,0.0
2022-08-05 00:00:00+00:00,1607.52392578125,1732.254638671875,1606.4970703125,1732.254638671875,18546491876,0.0,0.0
2022-08-06 00:00:00+00:00,1732.6611328125,1744.326416015625,1691.6580810546875,1691.6580810546875,11757911705,0.0,0.0
2022-08-07 00:00:00+00:00,1691.7779541015625,1724.7891845703125,1672.908447265625,1699.350830078125,10252090340,0.0,0.0
2022-08-08 00:00:00+00:00,1699.6934814453125,1806.886474609375,1697.407958984375,1775.51611328125,16841424404,0.0,0.0
2022-08-09 00:00:00+00:00,1776.0712890625,1786.12255859375,1675.849853515625,1703.0250244140625,16368619692,0.0,0.0
2022-08-10 00:00:00+00:00,1702.906494140625,1869.400634765625,1665.0904541015625,1851.74267578125,23512477984,0.0,0.0
2022-08-11 00:00:00+00:00,1851.828369140625,1927.939208984375,1851.828369140625,1881.22412109375,23826986482,0.0,0.0
2022-08-12 00:00:00+00:00,1880.899169921875,1957.552978515625,1860.08349609375,1957.2464599609375,17168141904,0.0,0.0
2022-08-13 00:00:00+00:00,1957.333984375,2013.7557373046875,1948.59521484375,1981.3365478515625,16038975216,0.0,0.0
2022-08-14 00:00:00+00:00,1981.782470703125,2022.79150390625,1919.0101318359375,1936.802001953125,14062754456,0.0,0.0
2022-08-15 00:00:00+00:00,1936.760498046875,2007.2103271484375,1881.8568115234375,1904.2281494140625,20349931313,0.0,0.0
2022-08-16 00:00:00+00:00,1902.8331298828125,1910.745361328125,1862.2734375,1878.139404296875,15637578930,0.0,0.0
2022-08-17 00:00:00+00:00,1877.934326171875,1951.6756591796875,1823.5322265625,1832.9996337890625,20308508124,0.0,0.0
2022-08-18 00:00:00+00:00,1833.715576171875,1876.376953125,1826.957763671875,1847.0078125,14999352229,0.0,0.0
2022-08-19 00:00:00+00:00,1847.0953369140625,1847.0953369140625,1611.3388671875,1612.9873046875,25906358731,0.0,0.0
2022-08-20 00:00:00+00:00,1612.650634765625,1652.21875,1534.298828125,1577.0037841796875,18334580263,0.0,0.0
2022-08-21 00:00:00+00:00,1576.5435791015625,1640.9365234375,1569.0465087890625,1619.3189697265625,15849221752,0.0,0.0
2022-08-22 00:00:00+00:00,1619.1668701171875,1622.77880859375,1535.0147705078125,1622.505859375,18557078599,0.0,0.0
2022-08-23 00:00:00+00:00,1622.9393310546875,1666.676513671875,1569.4285888671875,1662.7698974609375,18322041914,0.0,0.0
2022-08-24 00:00:00+00:00,1662.6954345703125,1686.5577392578125,1610.0992431640625,1657.0592041015625,16780932907,0.0,0.0
2022-08-25 00:00:00+00:00,1657.3365478515625,1718.1832275390625,1656.8560791015625,1696.45703125,14818795695,0.0,0.0
2022-08-26 00:00:00+00:00,1696.3245849609375,1698.56103515625,1498.771240234375,1507.7828369140625,26713710143,0.0,0.0
2022-08-27 00:00:00+00:00,1508.156982421875,1517.1500244140625,1454.282958984375,1491.39501953125,18120831899,0.0,0.0
2022-08-28 00:00:00+00:00,1491.206787109375,1505.7919921875,1430.54736328125,1430.54736328125,12823572918,0.0,0.0
2022-08-29 00:00:00+00:00,1430.439453125,1556.3095703125,1427.7283935546875,1553.037353515625,17965837488,0.0,0.0
2022-08-30 00:00:00+00:00,1553.18896484375,1600.461181640625,1480.831787109375,1523.8388671875,21835784470,0.0,0.0
2022-08-31 00:00:00+00:00,1524.2864990234375,1612.35888671875,1524.2864990234375,1553.6849365234375,20591680941,0.0,0.0
2022-09-01 00:00:00+00:00,1553.75634765625,1593.082763671875,1520.1883544921875,1586.1767578125,16434276817,0.0,0.0
2022-09-02 00:00:00+00:00,1586.0179443359375,1643.1832275390625,1551.8779296875,1577.220458984375,17708478709,0.0,0.0
2022-09-03 00:00:00+00:00,1577.2137451171875,1579.454345703125,1541.672119140625,1556.8726806640625,9516825994,0.0,0.0
2022-09-04 00:00:00+00:00,1556.8958740234375,1578.00927734375,1543.6988525390625,1577.6416015625,8884144998,0.0,0.0
2022-09-05 00:00:00+00:00,1577.884033203125,1621.661376953125,1559.7818603515625,1617.1832275390625,13060541168,0.0,0.0
2022-09-06 00:00:00+00:00,1617.240234375,1680.5953369140625,1561.74853515625,1561.74853515625,22946059125,0.0,0.0
2022-09-07 00:00:00+00:00,1560.90673828125,1651.0511474609375,1500.013671875,1629.9063720703125,19560363854,0.0,0.0
2022-09-08 00:00:00+00:00,1629.80517578125,1655.0640869140625,1603.0638427734375,1635.34765625,17621046717,0.0,0.0
2022-09-09 00:00:00+00:00,1635.187744140625,1735.809814453125,1632.8365478515625,1719.08544921875,20242323690,0.0,0.0
2022-09-10 00:00:00+00:00,1718.9613037109375,1784.497802734375,1710.2969970703125,1776.2037353515625,13130928217,0.0,0.0
2022-09-11 00:00:00+00:00,1775.97607421875,1782.7298583984375,1730.164794921875,1761.800048828125,12464301922,0.0,0.0
2022-09-12 00:00:00+00:00,1762.0848388671875,1778.1634521484375,1698.29345703125,1713.7652587890625,17688391310,0.0,0.0
2022-09-13 00:00:00+00:00,1713.9625244140625,1745.779052734375,1564.0318603515625,1580.7879638671875,23066821734,0.0,0.0
2022-09-14 00:00:00+00:00,1574.858154296875,1642.1572265625,1564.0318603515625,1634.7550048828125,17897150206,0.0,0.0
2022-09-15 00:00:00+00:00,1635.0830078125,1648.9456787109375,1466.139404296875,1471.6934814453125,26946275878,0.0,0.0
2022-09-16 00:00:00+00:00,1471.9283447265625,1480.564208984375,1415.581298828125,1432.44775390625,16764804299,0.0,0.0
2022-09-17 00:00:00+00:00,1432.87646484375,1473.0604248046875,1415.0423583984375,1469.74169921875,10798098671,0.0,0.0
2022-09-18 00:00:00+00:00,1469.7054443359375,1469.7054443359375,1331.4947509765625,1335.3291015625,15762284723,0.0,0.0
2022-09-19 00:00:00+00:00,1335.270751953125,1388.272216796875,1287.4208984375,1377.5413818359375,18712714223,0.0,0.0
2022-09-20 00:00:00+00:00,1377.6190185546875,1381.9656982421875,1319.201416015625,1324.38818359375,14722317220,0.0,0.0
2022-09-21 00:00:00+00:00,1324.215576171875,1384.4769287109375,1229.4267578125,1252.6077880859375,20643507800,0.0,0.0
2022-09-22 00:00:00+00:00,1251.5673828125,1336.1578369140625,1240.96826171875,1327.68017578125,18461527259,0.0,0.0
2022-09-23 00:00:00+00:00,1327.481201171875,1353.288330078125,1270.1983642578125,1328.259521484375,18771106339,0.0,0.0
2022-09-24 00:00:00+00:00,1328.24462890625,1346.2552490234375,1312.6402587890625,1317.9932861328125,12098209717,0.0,0.0
2022-09-25 00:00:00+00:00,1317.9384765625,1333.371337890625,1275.627685546875,1294.216796875,11802651633,0.0,0.0
2022-09-26 00:00:00+00:00,1294.3861083984375,1335.5263671875,1282.04931640625,1335.3201904296875,16034549271,0.0,0.0
2022-09-27 00:00:00+00:00,1335.3370361328125,1396.8914794921875,1308.991455078125,1330.127685546875,17870598937,0.0,0.0
2022-09-28 00:00:00+00:00,1329.5413818359375,1351.9644775390625,1267.8692626953125,1337.410888671875,18994979566,0.0,0.0
2022-09-29 00:00:00+00:00,1337.554443359375,1348.107666015625,1293.193359375,1335.65234375,13796915736,0.0,0.0
2022-09-30 00:00:00+00:00,1335.646484375,1368.743408203125,1320.3831787109375,1327.9786376953125,14250100093,0.0,0.0
2022-10-01 00:00:00+00:00,1328.1937255859375,1332.5164794921875,1306.1025390625,1311.6444091796875,6227961237,0.0,0.0
2022-10-02 00:00:00+00:00,1311.75341796875,1316.330078125,1275.3360595703125,1276.093505859375,7578351650,0.0,0.0
2022-10-03 00:00:00+00:00,1276.1634521484375,1326.554443359375,1271.15087890625,1323.439208984375,10153070907,0.0,0.0
2022-10-04 00:00:00+00:00,1323.2783203125,1364.970947265625,1320.07666015625,1362.1265869140625,10139774963,0.0,0.0
2022-10-05 00:00:00+00:00,1361.972900390625,1362.4517822265625,1320.8551025390625,1352.837158203125,9774451820,0.0,0.0
2022-10-06 00:00:00+00:00,1352.806640625,1380.4049072265625,1349.449951171875,1351.70947265625,12033514861,0.0,0.0
2022-10-07 00:00:00+00:00,1351.83642578125,1359.328125,1321.74609375,1332.5169677734375,10061619355,0.0,0.0
2022-10-08 00:00:00+00:00,1332.371337890625,1335.954833984375,1307.072998046875,1315.50048828125,5804676208,0.0,0.0
2022-10-09 00:00:00+00:00,1315.460205078125,1327.6688232421875,1309.3446044921875,1322.604248046875,5486230123,0.0,0.0
2022-10-10 00:00:00+00:00,1322.61865234375,1335.6627197265625,1291.337646484375,1291.337646484375,8794491050,0.0,0.0
2022-10-11 00:00:00+00:00,1291.109619140625,1296.27392578125,1272.7376708984375,1279.57568359375,9274845260,0.0,0.0
2022-10-12 00:00:00+00:00,1279.7322998046875,1303.0751953125,1277.5274658203125,1294.9063720703125,8355638578,0.0,0.0
2022-10-13 00:00:00+00:00,1294.9173583984375,1297.564208984375,1209.2781982421875,1288.1239013671875,17499038202,0.0,0.0
2022-10-14 00:00:00+00:00,1288.0487060546875,1339.7447509765625,1285.3782958984375,1297.422119140625,13113767755,0.0,0.0
2022-10-15 00:00:00+00:00,1297.305908203125,1300.7459716796875,1268.468505859375,1274.8717041015625,6798512624,0.0,0.0
2022-10-16 00:00:00+00:00,1275.0054931640625,1312.634521484375,1275.0054931640625,1306.296630859375,7491625206,0.0,0.0
2022-10-17 00:00:00+00:00,1306.3095703125,1335.6478271484375,1297.447265625,1331.713623046875,9401189650,0.0,0.0
2022-10-18 00:00:00+00:00,1331.669921875,1339.0859375,1291.66064453125,1310.447021484375,10416747806,0.0,0.0
2022-10-19 00:00:00+00:00,1310.5631103515625,1312.4423828125,1283.96533203125,1285.7442626953125,8350692785,0.0,0.0
2022-10-20 00:00:00+00:00,1285.6602783203125,1307.8551025390625,1275.323974609375,1283.200927734375,9009111996,0.0,0.0
2022-10-21 00:00:00+00:00,1283.1881103515625,1305.081298828125,1260.666748046875,1299.9464111328125,10412565245,0.0,0.0
2022-10-22 00:00:00+00:00,1299.90234375,1317.10107421875,1295.9468994140625,1314.2991943359375,7175324564,0.0,0.0
2022-10-23 00:00:00+00:00,1314.24951171875,1367.7607421875,1302.9088134765625,1363.447021484375,9909510925,0.0,0.0
2022-10-24 00:00:00+00:00,1363.4918212890625,1368.425537109375,1327.85400390625,1344.99853515625,13092820173,0.0,0.0
2022-10-25 00:00:00+00:00,1344.7113037109375,1509.9854736328125,1336.9788818359375,1461.6654052734375,25367291294,0.0,0.0
2022-10-26 00:00:00+00:00,1461.1331787109375,1584.63671875,1460.4287109375,1566.566650390625,32705548427,0.0,0.0
2022-10-27 00:00:00+00:00,1566.8414306640625,1574.4034423828125,1510.8167724609375,1514.3748779296875,22813499245,0.0,0.0
2022-10-28 00:00:00+00:00,1514.3231201171875,1568.6339111328125,1493.87109375,1555.4779052734375,19974623205,0.0,0.0
2022-10-29 00:00:00+00:00,1555.274658203125,1652.3822021484375,1549.983642578125,1619.698486328125,21618154775,0.0,0.0
2022-10-30 00:00:00+00:00,1619.6978759765625,1637.037841796875,1579.4852294921875,1590.7833251953125,13930073427,0.0,0.0
2022-10-31 00:00:00+00:00,1590.4813232421875,1630.452880859375,1555.9189453125,1572.7144775390625,19306919714,0.0,0.0
2022-11-01 00:00:00+00:00,1572.6453857421875,1606.605712890625,1568.0985107421875,1579.70458984375,14507311208,0.0,0.0
2022-11-02 00:00:00+00:00,1579.4979248046875,1613.41064453125,1507.2447509765625,1519.7117919921875,23254218281,0.0,0.0
2022-11-03 00:00:00+00:00,1519.724853515625,1556.7596435546875,1517.1016845703125,1531.541748046875,14248351007,0.0,0.0
2022-11-04 00:00:00+00:00,1531.3975830078125,1661.334716796875,1529.2684326171875,1645.0933837890625,20806964347,0.0,0.0
2022-11-05 00:00:00+00:00,1645.156494140625,1660.4864501953125,1625.9642333984375,1627.968017578125,11006973190,0.0,0.0
2022-11-06 00:00:00+00:00,1627.901123046875,1634.1324462890625,1572.2347412109375,1572.2347412109375,11632744705,0.0,0.0
2022-11-07 00:00:00+00:00,1572.0169677734375,1604.475341796875,1550.41552734375,1568.59130859375,15279963349,0.0,0.0
2022-11-08 00:00:00+00:00,1568.32958984375,1574.7998046875,1259.443115234375,1332.8355712890625,42048003440,0.0,0.0
2022-11-09 00:00:00+00:00,1333.1224365234375,1335.7435302734375,1083.28564453125,1100.1697998046875,38864492427,0.0,0.0
2022-11-10 00:00:00+00:00,1100.107177734375,1341.7911376953125,1093.12255859375,1299.464599609375,28581002122,0.0,0.0
2022-11-11 00:00:00+00:00,1298.8824462890625,1302.2952880859375,1211.32958984375,1287.2210693359375,20920539099,0.0,0.0
2022-11-12 00:00:00+00:00,1287.4383544921875,1288.15087890625,1242.1522216796875,1255.268310546875,10964962767,0.0,0.0
2022-11-13 00:00:00+00:00,1255.4412841796875,1271.7125244140625,1208.52099609375,1221.8192138671875,10717455214,0.0,0.0
2022-11-14 00:00:00+00:00,1221.8955078125,1284.2176513671875,1178.4290771484375,1241.604248046875,15028035663,0.0,0.0
2022-11-15 00:00:00+00:00,1241.677734375,1283.19873046875,1238.688232421875,1251.7362060546875,11798011594,0.0,0.0
2022-11-16 00:00:00+00:00,1251.808837890625,1264.486328125,1192.98779296875,1215.6025390625,11939561598,0.0,0.0
2022-11-17 00:00:00+00:00,1215.8486328125,1224.9656982421875,1189.1527099609375,1200.80859375,9723646871,0.0,0.0
2022-11-18 00:00:00+00:00,1200.8021240234375,1226.7374267578125,1200.8021240234375,1212.30029296875,7979913378,0.0,0.0
2022-11-19 00:00:00+00:00,1212.2154541015625,1227.8372802734375,1200.4755859375,1218.4267578125,5978745776,0.0,0.0
2022-11-20 00:00:00+00:00,1218.436279296875,1224.0777587890625,1137.9332275390625,1142.4666748046875,9651002684,0.0,0.0
2022-11-21 00:00:00+00:00,1142.395751953125,1142.395751953125,1084.8572998046875,1108.35302734375,14080099208,0.0,0.0
2022-11-22 00:00:00+00:00,1107.89599609375,1136.442626953125,1081.13818359375,1135.1734619140625,12040670755,0.0,0.0
2022-11-23 00:00:00+00:00,1135.4215087890625,1184.997314453125,1130.0228271484375,1183.1995849609375,11242676044,0.0,0.0
2022-11-24 00:00:00+00:00,1183.3450927734375,1211.62744140625,1180.3797607421875,1203.983154296875,9706372376,0.0,0.0
2022-11-25 00:00:00+00:00,1203.7994384765625,1203.7994384765625,1174.8233642578125,1198.9259033203125,5483308196,0.0,0.0
2022-11-26 00:00:00+00:00,1198.79052734375,1227.0380859375,1198.097900390625,1205.89794921875,5074160558,0.0,0.0
2022-11-27 00:00:00+00:00,1205.9052734375,1220.3494873046875,1195.0390625,1195.126953125,4486976868,0.0,0.0
2022-11-28 00:00:00+00:00,1194.9603271484375,1198.7376708984375,1156.0625,1170.086181640625,7275411870,0.0,0.0
2022-11-29 00:00:00+00:00,1169.8743896484375,1222.1641845703125,1163.4775390625,1216.9012451171875,7639405818,0.0,0.0
2022-11-30 00:00:00+00:00,1216.9287109375,1302.0386962890625,1215.4979248046875,1295.6885986328125,9836925304,0.0,0.0
2022-12-01 00:00:00+00:00,1295.76953125,1295.9998779296875,1267.70849609375,1276.27392578125,6857935276,0.0,0.0
2022-12-02 00:00:00+00:00,1276.32861328125,1294.3033447265625,1269.2431640625,1294.3033447265625,6213645709,0.0,0.0
2022-12-03 00:00:00+00:00,1294.45654296875,1299.84033203125,1241.431884765625,1243.3348388671875,5672609405,0.0,0.0
2022-12-04 00:00:00+00:00,1243.21923828125,1281.4923095703125,1242.9117431640625,1280.256591796875,5174128454,0.0,0.0
2022-12-05 00:00:00+00:00,1279.9989013671875,1302.237548828125,1252.472412109375,1259.6767578125,6120359523,0.0,0.0
2022-12-06 00:00:00+00:00,1259.854248046875,1271.9232177734375,1247.6298828125,1271.65380859375,5089212680,0.0,0.0
2022-12-07 00:00:00+00:00,1271.5531005859375,1272.694091796875,1224.447998046875,1232.4375,5752205180,0.0,0.0
2022-12-08 00:00:00+00:00,1232.4517822265625,1286.229736328125,1226.3585205078125,1281.1163330078125,6227269815,0.0,0.0
2022-12-09 00:00:00+00:00,1281.0772705078125,1290.055419921875,1260.8187255859375,1264.2847900390625,5706183865,0.0,0.0
2022-12-10 00:00:00+00:00,1264.37548828125,1279.5279541015625,1262.119873046875,1266.3841552734375,3282499999,0.0,0.0
2022-12-11 00:00:00+00:00,1266.4178466796875,1281.783203125,1260.6636962890625,1263.8685302734375,3362005848,0.0,0.0
2022-12-12 00:00:00+00:00,1263.573486328125,1275.6103515625,1243.477783203125,1274.6190185546875,5151109364,0.0,0.0
2022-12-13 00:00:00+00:00,1274.6624755859375,1341.4393310546875,1258.472412109375,1320.5491943359375,8812883119,0.0,0.0
2022-12-14 00:00:00+00:00,1320.6885986328125,1346.1744384765625,1305.8333740234375,1309.3287353515625,7830915428,0.0,0.0
2022-12-15 00:00:00+00:00,1309.1907958984375,1311.067138671875,1262.6893310546875,1266.3538818359375,6032859783,0.0,0.0
2022-12-16 00:00:00+00:00,1266.4605712890625,1278.156982421875,1162.1756591796875,1168.2593994140625,9297811507,0.0,0.0
2022-12-17 00:00:00+00:00,1168.0667724609375,1189.0450439453125,1165.4078369140625,1188.1495361328125,5077258586,0.0,0.0
2022-12-18 00:00:00+00:00,1188.1285400390625,1194.2144775390625,1176.185791015625,1184.7152099609375,3350092519,0.0,0.0
2022-12-19 00:00:00+00:00,1184.75830078125,1192.923828125,1160.377197265625,1167.60986328125,4943628091,0.0,0.0
2022-12-20 00:00:00+00:00,1167.8826904296875,1224.0926513671875,1165.5994873046875,1217.70361328125,6684951715,0.0,0.0
2022-12-21 00:00:00+00:00,1217.58642578125,1218.1922607421875,1206.4400634765625,1213.5999755859375,4217182733,0.0,0.0
2022-12-22 00:00:00+00:00,1213.672607421875,1221.98681640625,1187.1278076171875,1218.18212890625,5297471739,0.0,0.0
2022-12-23 00:00:00+00:00,1218.079345703125,1226.998779296875,1215.994873046875,1220.159423828125,4835831923,0.0,0.0
2022-12-24 00:00:00+00:00,1220.117919921875,1224.91162109375,1216.3387451171875,1221.1485595703125,2626153345,0.0,0.0
2022-12-25 00:00:00+00:00,1221.1715087890625,1223.517822265625,1203.7196044921875,1218.9620361328125,3942720070,0.0,0.0
2022-12-26 00:00:00+00:00,1218.920166015625,1226.974365234375,1214.3359375,1226.974365234375,3282098400,0.0,0.0
2022-12-27 00:00:00+00:00,1226.987060546875,1230.4180908203125,1205.8956298828125,1212.7916259765625,4091530737,0.0,0.0
2022-12-28 00:00:00+00:00,1212.736572265625,1213.12890625,1185.7021484375,1189.986083984375,4991669631,0.0,0.0
2022-12-29 00:00:00+00:00,1190.0101318359375,1204.1416015625,1188.3602294921875,1201.5953369140625,4132233940,0.0,0.0
2022-12-30 00:00:00+00:00,1201.569580078125,1202.03466796875,1187.4625244140625,1199.2327880859375,4055668253,0.0,0.0
2022-12-31 00:00:00+00:00,1199.360107421875,1205.088623046875,1194.2037353515625,1196.771240234375,3018513333,0.0,0.0
2023-01-01 00:00:00+00:00,1196.713623046875,1203.475341796875,1192.8853759765625,1200.96484375,2399674550,0.0,0.0
2023-01-02 00:00:00+00:00,1201.103271484375,1219.860595703125,1195.2149658203125,1214.6566162109375,3765758498,0.0,0.0
2023-01-03 00:00:00+00:00,1214.7440185546875,1219.0953369140625,1207.4915771484375,1214.77880859375,3392972131,0.0,0.0
2023-01-04 00:00:00+00:00,1214.7186279296875,1264.8074951171875,1213.1688232421875,1256.526611328125,6404416893,0.0,0.0
2023-01-05 00:00:00+00:00,1256.484619140625,1258.571533203125,1245.173095703125,1250.4385986328125,4001786456,0.0,0.0
2023-01-06 00:00:00+00:00,1250.458984375,1273.2203369140625,1240.947509765625,1269.3790283203125,4977252792,0.0,0.0
2023-01-07 00:00:00+00:00,1269.4197998046875,1270.5982666015625,1262.2711181640625,1264.2703857421875,2565213548,0.0,0.0
2023-01-08 00:00:00+00:00,1264.181884765625,1287.3594970703125,1260.226806640625,1287.3594970703125,3495088905,0.0,0.0
2023-01-09 00:00:00+00:00,1287.4508056640625,1342.1441650390625,1286.6807861328125,1321.5389404296875,7990438824,0.0,0.0
2023-01-10 00:00:00+00:00,1321.3955078125,1342.7572021484375,1318.5272216796875,1336.5860595703125,5830173253,0.0,0.0
2023-01-11 00:00:00+00:00,1336.48681640625,1387.9327392578125,1323.5831298828125,1387.9327392578125,6314904311,0.0,0.0
2023-01-12 00:00:00+00:00,1405.3514404296875,1432.28125,1378.422119140625,1417.9384765625,12230193038,0.0,0.0
2023-01-13 00:00:00+00:00,1417.9461669921875,1461.6727294921875,1404.02392578125,1451.6148681640625,7684148212,0.0,0.0
2023-01-14 00:00:00+00:00,1451.428466796875,1563.7391357421875,1450.9884033203125,1550.7069091796875,15444626014,0.0,0.0
2023-01-15 00:00:00+00:00,1550.7315673828125,1556.9508056640625,1520.893798828125,1552.4794921875,6774614499,0.0,0.0
2023-01-16 00:00:00+00:00,1552.519287109375,1594.039794921875,1529.5736083984375,1576.83349609375,8454485431,0.0,0.0
2023-01-17 00:00:00+00:00,1577.107421875,1594.0009765625,1553.3359375,1567.8460693359375,7599462786,0.0,0.0
2023-01-18 00:00:00+00:00,1567.698974609375,1602.106689453125,1509.4228515625,1515.5069580078125,10354880595,0.0,0.0
2023-01-19 00:00:00+00:00,1515.2496337890625,1557.9703369140625,1514.3800048828125,1552.5565185546875,6432638856,0.0,0.0
2023-01-20 00:00:00+00:00,1552.3736572265625,1659.8857421875,1544.9178466796875,1659.754150390625,8528894754,0.0,0.0
2023-01-21 00:00:00+00:00,1659.7060546875,1674.1793212890625,1626.81298828125,1627.1181640625,8859250310,0.0,0.0
2023-01-22 00:00:00+00:00,1627.365966796875,1658.0234375,1612.085693359375,1628.382080078125,7517988734,0.0,0.0
2023-01-23 00:00:00+00:00,1628.55078125,1641.2181396484375,1607.903076171875,1628.2510986328125,8264507375,0.0,0.0
2023-01-24 00:00:00+00:00,1627.8482666015625,1639.723876953125,1551.3897705078125,1556.604248046875,8180274691,0.0,0.0
2023-01-25 00:00:00+00:00,1556.8074951171875,1632.24169921875,1530.7978515625,1611.7110595703125,10598973448,0.0,0.0
2023-01-26 00:00:00+00:00,1611.0809326171875,1626.1982421875,1586.59814453125,1603.10595703125,8395315241,0.0,0.0
2023-01-27 00:00:00+00:00,1603.080078125,1617.0008544921875,1565.2449951171875,1598.156494140625,8124465373,0.0,0.0
2023-01-28 00:00:00+00:00,1598.1253662109375,1604.7041015625,1565.39013671875,1572.43505859375,5803653357,0.0,0.0
2023-01-29 00:00:00+00:00,1572.6295166015625,1653.7249755859375,1568.98486328125,1646.1556396484375,8801292300,0.0,0.0
2023-01-30 00:00:00+00:00,1646.147705078125,1646.651611328125,1546.6607666015625,1567.3265380859375,9180418120,0.0,0.0
2023-01-31 00:00:00+00:00,1567.419921875,1598.517578125,1563.8043212890625,1586.535400390625,6585191019,0.0,0.0
2023-02-01 00:00:00+00:00,1586.4881591796875,1644.7275390625,1566.8572998046875,1641.792724609375,8116969489,0.0,0.0
2023-02-02 00:00:00+00:00,1641.365966796875,1704.4581298828125,1641.3226318359375,1643.2415771484375,10558081069,0.0,0.0
2023-02-03 00:00:00+00:00,1642.9046630859375,1670.6968994140625,1634.223388671875,1664.74560546875,8169519805,0.0,0.0
2023-02-04 00:00:00+00:00,1664.4722900390625,1690.099609375,1648.189208984375,1667.0592041015625,5843302512,0.0,0.0
2023-02-05 00:00:00+00:00,1667.16650390625,1671.770263671875,1616.391845703125,1631.6458740234375,6926696531,0.0,0.0
2023-02-06 00:00:00+00:00,1631.645263671875,1653.7154541015625,1611.319091796875,1616.2470703125,6919871886,0.0,0.0
2023-02-07 00:00:00+00:00,1616.0096435546875,1673.7978515625,1614.863037109375,1672.0035400390625,8030277434,0.0,0.0
2023-02-08 00:00:00+00:00,1671.9052734375,1688.5272216796875,1635.2650146484375,1650.716796875,7806089579,0.0,0.0
2023-02-09 00:00:00+00:00,1651.082275390625,1655.23486328125,1537.1822509765625,1546.438232421875,10524969124,0.0,0.0
2023-02-10 00:00:00+00:00,1546.5965576171875,1553.32568359375,1504.83447265625,1514.869140625,8397387897,0.0,0.0
2023-02-11 00:00:00+00:00,1514.94189453125,1541.334716796875,1510.14697265625,1539.9267578125,5064007416,0.0,0.0
2023-02-12 00:00:00+00:00,1539.7760009765625,1545.55419921875,1501.4620361328125,1515.03369140625,5319698775,0.0,0.0
2023-02-13 00:00:00+00:00,1514.9169921875,1524.7314453125,1470.02392578125,1507.1658935546875,9363855114,0.0,0.0
2023-02-14 00:00:00+00:00,1506.9920654296875,1562.0343017578125,1497.1944580078125,1556.8751220703125,9249575045,0.0,0.0
2023-02-15 00:00:00+00:00,1556.76513671875,1674.289794921875,1545.689697265625,1673.7459716796875,10015035156,0.0,0.0
2023-02-16 00:00:00+00:00,1673.867431640625,1732.8011474609375,1638.1455078125,1640.067626953125,12704861676,0.0,0.0
2023-02-17 00:00:00+00:00,1640.2801513671875,1716.7818603515625,1636.173828125,1694.7833251953125,9802443159,0.0,0.0
2023-02-18 00:00:00+00:00,1694.7418212890625,1705.30908203125,1683.670166015625,1691.8194580078125,5491437195,0.0,0.0
2023-02-19 00:00:00+00:00,1691.68017578125,1718.9476318359375,1673.9066162109375,1681.4361572265625,6959144003,0.0,0.0
2023-02-20 00:00:00+00:00,1682.3370361328125,1716.4893798828125,1659.2950439453125,1702.6751708984375,7703604237,0.0,0.0
2023-02-21 00:00:00+00:00,1702.7978515625,1714.28564453125,1642.396728515625,1658.036376953125,8721608198,0.0,0.0
2023-02-22 00:00:00+00:00,1658.1409912109375,1663.996826171875,1604.8033447265625,1643.231689453125,9189387004,0.0,0.0
2023-02-23 00:00:00+00:00,1643.298583984375,1674.6015625,1632.566162109375,1651.0738525390625,9013236167,0.0,0.0
2023-02-24 00:00:00+00:00,1650.8951416015625,1661.09130859375,1583.1478271484375,1608.3731689453125,8909129423,0.0,0.0
2023-02-25 00:00:00+00:00,1608.6583251953125,1608.8651123046875,1567.6317138671875,1594.9149169921875,5657686235,0.0,0.0
2023-02-26 00:00:00+00:00,1594.7611083984375,1645.2734375,1590.39306640625,1640.817138671875,5727967432,0.0,0.0
2023-02-27 00:00:00+00:00,1640.763671875,1662.57568359375,1615.387939453125,1634.326416015625,7239824677,0.0,0.0
2023-02-28 00:00:00+00:00,1634.50244140625,1644.435791015625,1602.4281005859375,1605.8951416015625,6323676957,0.0,0.0
2023-03-01 00:00:00+00:00,1606.0404052734375,1663.4337158203125,1601.548583984375,1663.4337158203125,7701847224,0.0,0.0
2023-03-02 00:00:00+00:00,1663.549072265625,1672.0511474609375,1622.5999755859375,1647.3193359375,7080950926,0.0,0.0
2023-03-03 00:00:00+00:00,1647.5577392578125,1648.475341796875,1552.4515380859375,1569.1676025390625,9922240199,0.0,0.0
2023-03-04 00:00:00+00:00,1569.278076171875,1575.63720703125,1551.73681640625,1566.9239501953125,4389045367,0.0,0.0
2023-03-05 00:00:00+00:00,1567.1793212890625,1584.2088623046875,1559.9541015625,1564.46875,5020886238,0.0,0.0
2023-03-06 00:00:00+00:00,1564.3831787109375,1579.456298828125,1557.363525390625,1567.398681640625,5245153345,0.0,0.0
2023-03-07 00:00:00+00:00,1567.4246826171875,1579.1622314453125,1543.1275634765625,1561.93310546875,6854058349,0.0,0.0
2023-03-08 00:00:00+00:00,1561.9779052734375,1568.17529296875,1534.0882568359375,1534.0882568359375,7130327525,0.0,0.0
2023-03-09 00:00:00+00:00,1534.0316162109375,1544.1083984375,1423.2647705078125,1438.6607666015625,9457897583,0.0,0.0
2023-03-10 00:00:00+00:00,1438.7601318359375,1438.7601318359375,1378.525390625,1429.1580810546875,12665194936,0.0,0.0
2023-03-11 00:00:00+00:00,1429.100830078125,1484.136962890625,1428.72314453125,1482.61669921875,14917080154,0.0,0.0
2023-03-12 00:00:00+00:00,1482.431884765625,1607.152587890625,1461.6109619140625,1590.29296875,11480965122,0.0,0.0
2023-03-13 00:00:00+00:00,1590.8311767578125,1699.9117431640625,1572.07470703125,1680.3089599609375,15711468959,0.0,0.0
2023-03-14 00:00:00+00:00,1680.2952880859375,1779.9178466796875,1665.90234375,1703.507080078125,16159781303,0.0,0.0
2023-03-15 00:00:00+00:00,1705.18994140625,1721.0792236328125,1616.63037109375,1656.1805419921875,12715339905,0.0,0.0
2023-03-16 00:00:00+00:00,1656.33203125,1693.1392822265625,1639.26171875,1677.2154541015625,9364980166,0.0,0.0
2023-03-17 00:00:00+00:00,1677.2967529296875,1799.343994140625,1667.1318359375,1792.485107421875,12467445117,0.0,0.0
2023-03-18 00:00:00+00:00,1793.5924072265625,1840.3575439453125,1751.2628173828125,1761.65966796875,10317822213,0.0,0.0
2023-03-19 00:00:00+00:00,1762.9632568359375,1843.8441162109375,1762.9632568359375,1785.5765380859375,9170565472,0.0,0.0
2023-03-20 00:00:00+00:00,1785.416259765625,1807.7252197265625,1728.103759765625,1735.3212890625,10978325507,0.0,0.0
2023-03-21 00:00:00+00:00,1735.617919921875,1836.28857421875,1725.00732421875,1806.7607421875,10758627746,0.0,0.0
2023-03-22 00:00:00+00:00,1804.95703125,1821.458251953125,1717.76513671875,1737.717041015625,12484103560,0.0,0.0
2023-03-23 00:00:00+00:00,1737.140869140625,1853.8880615234375,1732.524658203125,1816.4051513671875,11012966854,0.0,0.0
2023-03-24 00:00:00+00:00,1815.81982421875,1819.935302734375,1730.3494873046875,1752.0447998046875,10913669383,0.0,0.0
2023-03-25 00:00:00+00:00,1751.469482421875,1762.674560546875,1716.6519775390625,1743.7647705078125,6614309912,0.0,0.0
2023-03-26 00:00:00+00:00,1743.8421630859375,1797.8802490234375,1741.182861328125,1775.6767578125,6990313307,0.0,0.0
2023-03-27 00:00:00+00:00,1775.4813232421875,1781.3792724609375,1690.5166015625,1715.4608154296875,8585750760,0.0,0.0
2023-03-28 00:00:00+00:00,1715.327392578125,1791.1109619140625,1702.564697265625,1772.78564453125,8346890042,0.0,0.0
2023-03-29 00:00:00+00:00,1772.89990234375,1825.6009521484375,1772.89990234375,1793.0018310546875,9136176952,0.0,0.0
2023-03-30 00:00:00+00:00,1793.345947265625,1827.2802734375,1766.2489013671875,1792.7371826171875,9724496987,0.0,0.0
2023-03-31 00:00:00+00:00,1793.6201171875,1844.6773681640625,1783.1422119140625,1822.0220947265625,9149379763,0.0,0.0
2023-04-01 00:00:00+00:00,1821.704345703125,1840.173095703125,1811.1185302734375,1813.860595703125,5556443606,0.0,0.0
2023-04-02 00:00:00+00:00,1821.192138671875,1824.328857421875,1774.8724365234375,1795.7081298828125,6199721188,0.0,0.0
2023-04-03 00:00:00+00:00,1794.9224853515625,1839.1578369140625,1765.5189208984375,1810.297119140625,9643826401,0.0,0.0
2023-04-04 00:00:00+00:00,1810.14208984375,1886.5946044921875,1802.9554443359375,1871.005126953125,10398322335,0.0,0.0
2023-04-05 00:00:00+00:00,1870.965087890625,1937.49755859375,1865.94189453125,1909.114013671875,10319231689,0.0,0.0
2023-04-06 00:00:00+00:00,1909.1435546875,1909.271728515625,1857.0850830078125,1872.922607421875,8263191830,0.0,0.0
2023-04-07 00:00:00+00:00,1872.734130859375,1882.2991943359375,1845.993896484375,1865.6361083984375,8356130492,0.0,0.0
2023-04-08 00:00:00+00:00,1864.6790771484375,1879.1077880859375,1848.87548828125,1849.4981689453125,5016362733,0.0,0.0
2023-04-09 00:00:00+00:00,1849.6722412109375,1873.057373046875,1828.7000732421875,1859.3878173828125,6361497715,0.0,0.0
2023-04-10 00:00:00+00:00,1859.7412109375,1917.3001708984375,1848.1641845703125,1911.20751953125,8380134275,0.0,0.0
2023-04-11 00:00:00+00:00,1911.3758544921875,1936.728271484375,1886.5341796875,1892.189697265625,8877222956,0.0,0.0
2023-04-12 00:00:00+00:00,1891.94970703125,1929.8812255859375,1860.036865234375,1920.68212890625,11010714187,0.0,0.0
2023-04-13 00:00:00+00:00,1917.6983642578125,2022.150146484375,1901.8603515625,2012.6346435546875,12546950499,0.0,0.0
2023-04-14 00:00:00+00:00,2013.9306640625,2126.316650390625,2011.5032958984375,2101.635498046875,16298099411,0.0,0.0
2023-04-15 00:00:00+00:00,2101.616455078125,2111.075439453125,2076.5107421875,2092.466796875,8036468153,0.0,0.0
2023-04-16 00:00:00+00:00,2092.281005859375,2137.445068359375,2076.83203125,2120.005859375,7898126856,0.0,0.0
2023-04-17 00:00:00+00:00,2120.001220703125,2120.113525390625,2063.03857421875,2076.242919921875,9648882546,0.0,0.0
2023-04-18 00:00:00+00:00,2075.855224609375,2121.531494140625,2057.65380859375,2104.537353515625,9134015143,0.0,0.0
2023-04-19 00:00:00+00:00,2103.9462890625,2104.857177734375,1928.5828857421875,1936.4034423828125,13779745451,0.0,0.0
2023-04-20 00:00:00+00:00,1936.41796875,1979.5733642578125,1918.1328125,1943.09765625,11324135406,0.0,0.0
2023-04-21 00:00:00+00:00,1943.409912109375,1955.649169921875,1827.7889404296875,1849.9998779296875,12044274581,0.0,0.0
2023-04-22 00:00:00+00:00,1849.2864990234375,1886.7816162109375,1845.8492431640625,1874.2286376953125,6970642726,0.0,0.0
2023-04-23 00:00:00+00:00,1874.1715087890625,1882.229736328125,1838.992431640625,1862.06201171875,6607451862,0.0,0.0
2023-04-24 00:00:00+00:00,1862.0853271484375,1888.1937255859375,1811.7921142578125,1842.7574462890625,8438191338,0.0,0.0
2023-04-25 00:00:00+00:00,1842.204345703125,1877.4849853515625,1805.3228759765625,1866.753662109375,8677255481,0.0,0.0
2023-04-26 00:00:00+00:00,1866.14892578125,1962.567626953125,1792.4638671875,1866.564208984375,14356524696,0.0,0.0
2023-04-27 00:00:00+00:00,1866.6932373046875,1936.9451904296875,1863.14794921875,1908.786376953125,14008145806,0.0,0.0
2023-04-28 00:00:00+00:00,1909.2730712890625,1923.19921875,1876.2918701171875,1892.5128173828125,7691759733,0.0,0.0
2023-04-29 00:00:00+00:00,1892.5650634765625,1916.9737548828125,1887.990478515625,1908.9169921875,4796651246,0.0,0.0
2023-04-30 00:00:00+00:00,1908.7413330078125,1938.41796875,1876.92431640625,1876.92431640625,6539641957,0.0,0.0
2023-05-01 00:00:00+00:00,1868.89111328125,1886.2064208984375,1809.1932373046875,1831.954833984375,8625783201,0.0,0.0
2023-05-02 00:00:00+00:00,1831.7265625,1879.759521484375,1824.3270263671875,1870.789306640625,7536785767,0.0,0.0
2023-05-03 00:00:00+00:00,1870.6871337890625,1915.504150390625,1845.871826171875,1904.65185546875,8306390869,0.0,0.0
2023-05-04 00:00:00+00:00,1905.1689453125,1915.8717041015625,1868.6297607421875,1877.7041015625,6578438233,0.0,0.0
2023-05-05 00:00:00+00:00,1877.8331298828125,1998.41357421875,1876.9466552734375,1995.0609130859375,9498261360,0.0,0.0
2023-05-06 00:00:00+00:00,1995.4791259765625,2017.5594482421875,1870.6055908203125,1900.2218017578125,9623243037,0.0,0.0
2023-05-07 00:00:00+00:00,1899.9176025390625,1933.9984130859375,1873.076416015625,1873.076416015625,6883942236,0.0,0.0
2023-05-08 00:00:00+00:00,1872.47509765625,1886.162109375,1818.4505615234375,1849.042724609375,9895102899,0.0,0.0
2023-05-09 00:00:00+00:00,1849.06103515625,1860.66748046875,1832.906982421875,1848.6031494140625,6129516088,0.0,0.0
2023-05-10 00:00:00+00:00,1848.2135009765625,1886.80029296875,1795.6688232421875,1842.4014892578125,9945549603,0.0,0.0
2023-05-11 00:00:00+00:00,1842.4920654296875,1842.4920654296875,1774.132568359375,1796.4906005859375,8353828312,0.0,0.0
2023-05-12 00:00:00+00:00,1795.1766357421875,1812.4249267578125,1742.40380859375,1808.019775390625,9047198660,0.0,0.0
2023-05-13 00:00:00+00:00,1808.375,1816.0584716796875,1788.4755859375,1796.1148681640625,4647630864,0.0,0.0
2023-05-14 00:00:00+00:00,1796.10791015625,1823.49072265625,1793.228759765625,1800.5009765625,4711210241,0.0,0.0
2023-05-15 00:00:00+00:00,1800.3712158203125,1845.6954345703125,1787.536376953125,1817.5499267578125,6748889346,0.0,0.0
2023-05-16 00:00:00+00:00,1816.82421875,1830.3515625,1797.84375,1824.1214599609375,5595959668,0.0,0.0
2023-05-17 00:00:00+00:00,1824.068359375,1835.5545654296875,1786.6719970703125,1821.859619140625,6352161579,0.0,0.0
2023-05-18 00:00:00+00:00,1822.0682373046875,1831.4503173828125,1774.195068359375,1801.728515625,5673124255,0.0,0.0
2023-05-19 00:00:00+00:00,1800.994384765625,1826.1942138671875,1797.4344482421875,1812.5894775390625,4796110259,0.0,0.0
2023-05-20 00:00:00+00:00,1812.76611328125,1829.0096435546875,1808.0467529296875,1820.47802734375,2951655969,0.0,0.0
2023-05-21 00:00:00+00:00,1820.1380615234375,1827.9219970703125,1799.9468994140625,1804.5313720703125,3386768865,0.0,0.0
2023-05-22 00:00:00+00:00,1804.8419189453125,1826.696533203125,1793.2239990234375,1817.5347900390625,4534841049,0.0,0.0
2023-05-23 00:00:00+00:00,1817.7811279296875,1869.343994140625,1816.2879638671875,1854.380615234375,6820047160,0.0,0.0
2023-05-24 00:00:00+00:00,1854.2996826171875,1854.2996826171875,1780.925537109375,1800.0999755859375,7101647419,0.0,0.0
2023-05-25 00:00:00+00:00,1799.84521484375,1815.9947509765625,1763.3651123046875,1805.9537353515625,6321689859,0.0,0.0
2023-05-26 00:00:00+00:00,1805.7254638671875,1837.8658447265625,1798.406005859375,1828.689697265625,5451414258,0.0,0.0
2023-05-27 00:00:00+00:00,1828.57568359375,1836.1845703125,1817.4920654296875,1831.1182861328125,3216737652,0.0,0.0
2023-05-28 00:00:00+00:00,1831.0986328125,1915.7232666015625,1825.46728515625,1910.9141845703125,6359610561,0.0,0.0
2023-05-29 00:00:00+00:00,1909.2974853515625,1926.4217529296875,1879.0775146484375,1893.078125,5884674572,0.0,0.0
2023-05-30 00:00:00+00:00,1893.0931396484375,1916.574951171875,1883.9346923828125,1901.026611328125,5363439784,0.0,0.0
2023-05-31 00:00:00+00:00,1901.0982666015625,1907.035400390625,1852.0947265625,1874.1304931640625,5984512548,0.0,0.0
2023-06-01 00:00:00+00:00,1873.9146728515625,1887.705322265625,1846.2274169921875,1862.201416015625,5640027197,0.0,0.0
2023-06-02 00:00:00+00:00,1862.4237060546875,1910.2784423828125,1851.9647216796875,1907.256591796875,6097746022,0.0,0.0
2023-06-03 00:00:00+00:00,1907.4207763671875,1908.822265625,1885.4854736328125,1892.4124755859375,3472274607,0.0,0.0
2023-06-04 00:00:00+00:00,1892.398193359375,1912.2056884765625,1885.65185546875,1890.5135498046875,3747042696,0.0,0.0
2023-06-05 00:00:00+00:00,1890.4176025390625,1890.6405029296875,1780.2115478515625,1811.828369140625,9246593033,0.0,0.0
2023-06-06 00:00:00+00:00,1810.5814208984375,1896.22265625,1801.4052734375,1884.494873046875,8704411776,0.0,0.0
2023-06-07 00:00:00+00:00,1884.3729248046875,1893.80908203125,1822.3031005859375,1832.39599609375,7919894455,0.0,0.0
2023-06-08 00:00:00+00:00,1832.5135498046875,1861.1361083984375,1830.1650390625,1846.3018798828125,4536041931,0.0,0.0
2023-06-09 00:00:00+00:00,1846.077880859375,1854.824951171875,1828.5445556640625,1840.2252197265625,4610831509,0.0,0.0
2023-06-10 00:00:00+00:00,1840.3919677734375,1844.78564453125,1721.443115234375,1752.384765625,10788500406,0.0,0.0
2023-06-11 00:00:00+00:00,1752.527587890625,1776.84716796875,1741.1104736328125,1753.415283203125,4559112981,0.0,0.0
2023-06-12 00:00:00+00:00,1753.075439453125,1757.6597900390625,1722.9063720703125,1742.5286865234375,6031384958,0.0,0.0
2023-06-13 00:00:00+00:00,1742.39013671875,1761.9554443359375,1727.7498779296875,1739.03759765625,6214125203,0.0,0.0
2023-06-14 00:00:00+00:00,1739.2501220703125,1749.1632080078125,1637.187744140625,1650.519287109375,7462905534,0.0,0.0
2023-06-15 00:00:00+00:00,1650.4981689453125,1676.4066162109375,1624.1383056640625,1665.519775390625,7328564880,0.0,0.0
2023-06-16 00:00:00+00:00,1665.41064453125,1727.28955078125,1653.1708984375,1716.6688232421875,6281023479,0.0,0.0
2023-06-17 00:00:00+00:00,1716.6717529296875,1766.76318359375,1714.15087890625,1727.2041015625,4875187477,0.0,0.0
2023-06-18 00:00:00+00:00,1727.1937255859375,1746.5091552734375,1718.1114501953125,1720.5775146484375,3820038842,0.0,0.0
2023-06-19 00:00:00+00:00,1720.50537109375,1745.1346435546875,1705.8134765625,1737.659423828125,5210480121,0.0,0.0
2023-06-20 00:00:00+00:00,1736.8797607421875,1793.31396484375,1715.342529296875,1792.1199951171875,7171072578,0.0,0.0
2023-06-21 00:00:00+00:00,1791.9949951171875,1898.6689453125,1788.4892578125,1891.0072021484375,11731457711,0.0,0.0
2023-06-22 00:00:00+00:00,1889.79443359375,1932.0655517578125,1867.8765869140625,1872.9429931640625,8477657143,0.0,0.0
2023-06-23 00:00:00+00:00,1872.540771484375,1932.5316162109375,1865.1920166015625,1892.862060546875,8290615074,0.0,0.0
2023-06-24 00:00:00+00:00,1893.77197265625,1905.2274169921875,1867.8115234375,1876.0596923828125,5026191704,0.0,0.0
2023-06-25 00:00:00+00:00,1875.84912109375,1929.0791015625,1870.85009765625,1900.506103515625,6937581709,0.0,0.0
2023-06-26 00:00:00+00:00,1900.05029296875,1905.3604736328125,1840.215087890625,1859.432861328125,8619702292,0.0,0.0
2023-06-27 00:00:00+00:00,1859.34619140625,1911.3111572265625,1856.83837890625,1889.703369140625,7686042202,0.0,0.0
2023-06-28 00:00:00+00:00,1889.906494140625,1890.208984375,1822.102783203125,1827.97119140625,7135265016,0.0,0.0
2023-06-29 00:00:00+00:00,1828.059326171875,1876.5302734375,1828.059326171875,1852.227294921875,5677228612,0.0,0.0
2023-06-30 00:00:00+00:00,1852.0084228515625,1945.2742919921875,1831.281005859375,1933.18896484375,12895131248,0.0,0.0
2023-07-01 00:00:00+00:00,1933.3238525390625,1942.7015380859375,1910.8486328125,1924.56591796875,5136809625,0.0,0.0
2023-07-02 00:00:00+00:00,1924.4481201171875,1958.1607666015625,1895.906982421875,1937.4383544921875,6343966490,0.0,0.0
2023-07-03 00:00:00+00:00,1937.8837890625,1974.7750244140625,1934.6888427734375,1955.38916015625,7858509087,0.0,0.0
2023-07-04 00:00:00+00:00,1955.524169921875,1966.3653564453125,1932.611328125,1936.633544921875,5683423776,0.0,0.0
2023-07-05 00:00:00+00:00,1936.7967529296875,1942.4324951171875,1897.124755859375,1910.5880126953125,6034088075,0.0,0.0
2023-07-06 00:00:00+00:00,1910.4171142578125,1956.0123291015625,1847.8507080078125,1848.636474609375,8905008384,0.0,0.0
2023-07-07 00:00:00+00:00,1847.5125732421875,1876.9632568359375,1832.025390625,1870.6025390625,6468885150,0.0,0.0
2023-07-08 00:00:00+00:00,1871.0020751953125,1872.5015869140625,1844.6417236328125,1865.53955078125,4299007854,0.0,0.0
2023-07-09 00:00:00+00:00,1865.594970703125,1878.6689453125,1857.748291015625,1863.009765625,4392863807,0.0,0.0
2023-07-10 00:00:00+00:00,1863.240234375,1905.4608154296875,1848.7772216796875,1880.556396484375,6336468234,0.0,0.0
2023-07-11 00:00:00+00:00,1880.6549072265625,1889.3817138671875,1863.2186279296875,1878.3360595703125,4905225892,0.0,0.0
2023-07-12 00:00:00+00:00,1878.322021484375,1901.1484375,1865.7100830078125,1872.11376953125,6379007000,0.0,0.0
2023-07-13 00:00:00+00:00,1872.040283203125,2011.88525390625,1864.49609375,2006.511474609375,11114853969,0.0,0.0
2023-07-14 00:00:00+00:00,2005.6861572265625,2026.2049560546875,1901.3612060546875,1939.3470458984375,10627449471,0.0,0.0
2023-07-15 00:00:00+00:00,1939.129638671875,1946.0191650390625,1928.1873779296875,1931.466552734375,4380084234,0.0,0.0
2023-07-16 00:00:00+00:00,1931.64501953125,1942.0308837890625,1917.2940673828125,1923.681884765625,4329306566,0.0,0.0
2023-07-17 00:00:00+00:00,1923.6943359375,1936.1776123046875,1875.120361328125,1911.6461181640625,6678090758,0.0,0.0
2023-07-18 00:00:00+00:00,1911.697021484375,1916.4683837890625,1878.718505859375,1897.5992431640625,5814708445,0.0,0.0
2023-07-19 00:00:00+00:00,1897.7972412109375,1919.264404296875,1883.067138671875,1889.0079345703125,6018487800,0.0,0.0
2023-07-20 00:00:00+00:00,1889.07373046875,1919.264404296875,1879.734375,1890.9691162109375,7366830684,0.0,0.0
2023-07-21 00:00:00+00:00,1891.581298828125,1905.38623046875,1885.2962646484375,1892.080078125,4668158260,0.0,0.0
2023-07-22 00:00:00+00:00,1891.955078125,1897.0880126953125,1855.0927734375,1864.912353515625,4101305643,0.0,0.0
2023-07-23 00:00:00+00:00,1866.09423828125,1904.4832763671875,1859.56884765625,1889.191650390625,4480604100,0.0,0.0
2023-07-24 00:00:00+00:00,1888.8095703125,1889.761962890625,1836.8524169921875,1850.0020751953125,6344373569,0.0,0.0
2023-07-25 00:00:00+00:00,1850.0279541015625,1867.3232421875,1845.9815673828125,1857.741943359375,4163381707,0.0,0.0
2023-07-26 00:00:00+00:00,1857.696533203125,1886.97412109375,1849.4368896484375,1872.159912109375,5781548155,0.0,0.0
2023-07-27 00:00:00+00:00,1872.0863037109375,1885.591552734375,1855.321533203125,1860.357177734375,4291339248,0.0,0.0
2023-07-28 00:00:00+00:00,1860.7025146484375,1881.457275390625,1857.0489501953125,1874.744873046875,3800973336,0.0,0.0
2023-07-29 00:00:00+00:00,1874.5604248046875,1885.529296875,1870.3338623046875,1881.06884765625,2497302218,0.0,0.0
2023-07-30 00:00:00+00:00,1880.87158203125,1884.1441650390625,1851.72802734375,1861.643798828125,4003005547,0.0,0.0
2023-07-31 00:00:00+00:00,1861.7552490234375,1875.62939453125,1851.9154052734375,1856.162353515625,4391613314,0.0,0.0
2023-08-01 00:00:00+00:00,1856.190185546875,1873.0299072265625,1817.9207763671875,1871.7921142578125,7634860636,0.0,0.0
2023-08-02 00:00:00+00:00,1873.4681396484375,1877.511474609375,1822.3482666015625,1839.0897216796875,6448512422,0.0,0.0
2023-08-03 00:00:00+00:00,1838.89794921875,1856.4075927734375,1825.3477783203125,1835.136474609375,4710581074,0.0,0.0
2023-08-04 00:00:00+00:00,1834.8905029296875,1847.9122314453125,1817.413818359375,1827.712890625,4861242484,0.0,0.0
2023-08-05 00:00:00+00:00,1827.798583984375,1836.46484375,1824.8079833984375,1834.9879150390625,2866049749,0.0,0.0
2023-08-06 00:00:00+00:00,1834.84521484375,1836.2489013671875,1824.9866943359375,1827.4620361328125,2963395076,0.0,0.0
2023-08-07 00:00:00+00:00,1827.239501953125,1842.5225830078125,1804.7166748046875,1826.9388427734375,5837881974,0.0,0.0
2023-08-08 00:00:00+00:00,1826.9310302734375,1873.84716796875,1824.4300537109375,1855.807373046875,5812855406,0.0,0.0
2023-08-09 00:00:00+00:00,1855.7794189453125,1869.736572265625,1845.48974609375,1854.297607421875,5870081833,0.0,0.0
2023-08-10 00:00:00+00:00,1854.3482666015625,1863.3109130859375,1845.4422607421875,1850.75341796875,3760304518,0.0,0.0
2023-08-11 00:00:00+00:00,1850.74169921875,1855.0660400390625,1839.5692138671875,1847.1243896484375,3353025102,0.0,0.0
2023-08-12 00:00:00+00:00,1847.1719970703125,1852.281005859375,1845.71923828125,1848.889892578125,2291124840,0.0,0.0
2023-08-13 00:00:00+00:00,1849.0538330078125,1859.9163818359375,1834.8043212890625,1839.2801513671875,3054625661,0.0,0.0
2023-08-14 00:00:00+00:00,1839.323486328125,1853.8363037109375,1834.8004150390625,1844.185791015625,4083364724,0.0,0.0
2023-08-15 00:00:00+00:00,1844.1641845703125,1845.547607421875,1816.3250732421875,1826.9327392578125,4483923893,0.0,0.0
2023-08-16 00:00:00+00:00,1827.036376953125,1829.3612060546875,1798.9666748046875,1805.6590576171875,4976573383,0.0,0.0
2023-08-17 00:00:00+00:00,1805.5673828125,1807.71484375,1551.7132568359375,1684.9334716796875,14208462072,0.0,0.0
2023-08-18 00:00:00+00:00,1682.0384521484375,1698.124267578125,1644.930908203125,1660.945068359375,9645084584,0.0,0.0
2023-08-19 00:00:00+00:00,1660.8443603515625,1693.2281494140625,1654.0758056640625,1669.471923828125,4871231360,0.0,0.0
2023-08-20 00:00:00+00:00,1669.5877685546875,1692.3287353515625,1662.9014892578125,1684.85205078125,4105056995,0.0,0.0
2023-08-21 00:00:00+00:00,1685.0223388671875,1685.0826416015625,1651.9598388671875,1667.26904296875,5077248383,0.0,0.0
2023-08-22 00:00:00+00:00,1667.279296875,1668.638671875,1596.384033203125,1633.892578125,7244623133,0.0,0.0
2023-08-23 00:00:00+00:00,1634.4017333984375,1696.593994140625,1629.5810546875,1679.2744140625,7191868448,0.0,0.0
2023-08-24 00:00:00+00:00,1679.248291015625,1682.48974609375,1641.6270751953125,1659.944580078125,5104531920,0.0,0.0
2023-08-25 00:00:00+00:00,1660.2698974609375,1671.970703125,1635.9674072265625,1652.93505859375,5396997823,0.0,0.0
2023-08-26 00:00:00+00:00,1652.92724609375,1654.7777099609375,1643.712646484375,1646.3067626953125,2423247747,0.0,0.0
2023-08-27 00:00:00+00:00,1646.27197265625,1659.26708984375,1645.90283203125,1657.5130615234375,2624065031,0.0,0.0
2023-08-28 00:00:00+00:00,1657.4398193359375,1659.3287353515625,1627.44677734375,1652.4573974609375,4855588534,0.0,0.0
2023-08-29 00:00:00+00:00,1652.274169921875,1742.6373291015625,1639.576171875,1729.7257080078125,11304916729,0.0,0.0
2023-08-30 00:00:00+00:00,1729.6766357421875,1730.564697265625,1697.147216796875,1705.1121826171875,5023904190,0.0,0.0
2023-08-31 00:00:00+00:00,1705.364501953125,1720.011962890625,1634.8509521484375,1645.63916015625,6593153505,0.0,0.0
2023-09-01 00:00:00+00:00,1645.581298828125,1653.53173828125,1603.0341796875,1628.4912109375,6104510092,0.0,0.0
2023-09-02 00:00:00+00:00,1628.5596923828125,1644.0306396484375,1627.97607421875,1637.025390625,2943590996,0.0,0.0
2023-09-03 00:00:00+00:00,1637.0435791015625,1645.6451416015625,1626.0892333984375,1636.11767578125,3151878318,0.0,0.0
2023-09-04 00:00:00+00:00,1635.7247314453125,1642.6531982421875,1618.523681640625,1629.6552734375,3887968912,0.0,0.0
2023-09-05 00:00:00+00:00,1629.9110107421875,1645.9483642578125,1610.1412353515625,1633.62939453125,4417491902,0.0,0.0
2023-09-06 00:00:00+00:00,1633.912109375,1656.9327392578125,1611.147705078125,1632.2523193359375,4987397046,0.0,0.0
2023-09-07 00:00:00+00:00,1632.2628173828125,1657.3037109375,1623.220458984375,1647.5982666015625,4907290296,0.0,0.0
2023-09-08 00:00:00+00:00,1647.8076171875,1657.1363525390625,1617.7965087890625,1636.1378173828125,4598495496,0.0,0.0
2023-09-09 00:00:00+00:00,1636.0504150390625,1636.8707275390625,1629.660888671875,1635.162353515625,2081625742,0.0,0.0
2023-09-10 00:00:00+00:00,1635.211669921875,1635.43310546875,1604.04052734375,1616.828857421875,4339499949,0.0,0.0
2023-09-11 00:00:00+00:00,1616.769775390625,1618.3057861328125,1533.4267578125,1551.6376953125,7693700923,0.0,0.0
2023-09-12 00:00:00+00:00,1551.497802734375,1619.114013671875,1549.4937744140625,1592.429443359375,6813819740,0.0,0.0
2023-09-13 00:00:00+00:00,1592.892333984375,1615.05029296875,1582.217529296875,1607.988525390625,4979469106,0.0,0.0
2023-09-14 00:00:00+00:00,1608.0316162109375,1640.522705078125,1607.7353515625,1626.974365234375,5538958553,0.0,0.0
2023-09-15 00:00:00+00:00,1626.8701171875,1652.1131591796875,1613.2486572265625,1641.640380859375,4348584771,0.0,0.0
2023-09-16 00:00:00+00:00,1641.4464111328125,1649.9886474609375,1632.577880859375,1635.2216796875,2819575929,0.0,0.0
2023-09-17 00:00:00+00:00,1635.2010498046875,1635.512939453125,1616.779296875,1622.896728515625,3032716258,0.0,0.0
2023-09-18 00:00:00+00:00,1623.0819091796875,1669.015380859375,1609.9573974609375,1637.3470458984375,5916674789,0.0,0.0
2023-09-19 00:00:00+00:00,1637.31201171875,1659.53173828125,1628.4132080078125,1643.544677734375,4405868861,0.0,0.0
2023-09-20 00:00:00+00:00,1643.495361328125,1649.619140625,1610.4207763671875,1622.890625,5156431986,0.0,0.0
2023-09-21 00:00:00+00:00,1622.591796875,1625.20458984375,1573.3057861328125,1584.3070068359375,5191732312,0.0,0.0
2023-09-22 00:00:00+00:00,1584.0025634765625,1601.5377197265625,1579.101318359375,1593.268310546875,3460791634,0.0,0.0
2023-09-23 00:00:00+00:00,1593.213134765625,1598.001708984375,1588.3289794921875,1593.8577880859375,2101436678,0.0,0.0
2023-09-24 00:00:00+00:00,1593.82568359375,1600.207275390625,1576.7833251953125,1580.8533935546875,3086456944,0.0,0.0
2023-09-25 00:00:00+00:00,1580.7474365234375,1595.8441162109375,1565.0255126953125,1588.3228759765625,4394930984,0.0,0.0
2023-09-26 00:00:00+00:00,1588.023193359375,1598.0977783203125,1580.16552734375,1593.417236328125,3544861160,0.0,0.0
2023-09-27 00:00:00+00:00,1593.1082763671875,1631.9107666015625,1585.368896484375,1597.4912109375,5533036096,0.0,0.0
2023-09-28 00:00:00+00:00,1597.6719970703125,1666.024169921875,1597.294677734375,1652.8826904296875,6658092168,0.0,0.0
2023-09-29 00:00:00+00:00,1652.9998779296875,1687.28125,1648.656494140625,1667.94384765625,5529687537,0.0,0.0
2023-09-30 00:00:00+00:00,1667.83447265625,1692.5311279296875,1666.5638427734375,1671.161865234375,3155292192,0.0,0.0
2023-10-01 00:00:00+00:00,1671.1614990234375,1750.595703125,1670.0821533203125,1733.8104248046875,5054880180,0.0,0.0
2023-10-02 00:00:00+00:00,1732.9840087890625,1743.5635986328125,1646.07763671875,1663.6275634765625,8420552922,0.0,0.0
2023-10-03 00:00:00+00:00,1662.88720703125,1670.3563232421875,1644.4964599609375,1656.6856689453125,4742827302,0.0,0.0
2023-10-04 00:00:00+00:00,1656.7359619140625,1657.2535400390625,1629.4266357421875,1647.838134765625,5127524863,0.0,0.0
2023-10-05 00:00:00+00:00,1647.7882080078125,1654.3790283203125,1609.8499755859375,1611.4764404296875,5403759057,0.0,0.0
2023-10-06 00:00:00+00:00,1611.36572265625,1659.60986328125,1611.36572265625,1645.83154296875,4941208729,0.0,0.0
2023-10-07 00:00:00+00:00,1645.8109130859375,1648.1837158203125,1631.158203125,1634.51123046875,2578994988,0.0,0.0
2023-10-08 00:00:00+00:00,1634.6573486328125,1641.182373046875,1618.189208984375,1633.548583984375,3315554175,0.0,0.0
2023-10-09 00:00:00+00:00,1633.454833984375,1635.4478759765625,1553.0069580078125,1579.806640625,7020801716,0.0,0.0
2023-10-10 00:00:00+00:00,1580.112060546875,1593.7413330078125,1553.03173828125,1567.7130126953125,5254966125,0.0,0.0
2023-10-11 00:00:00+00:00,1567.6807861328125,1578.2235107421875,1548.98046875,1566.2547607421875,5416504273,0.0,0.0
2023-10-12 00:00:00+00:00,1566.35595703125,1566.878173828125,1523.237548828125,1539.6124267578125,5003930677,0.0,0.0
2023-10-13 00:00:00+00:00,1539.432861328125,1571.7506103515625,1537.921142578125,1552.0894775390625,4575141511,0.0,0.0
2023-10-14 00:00:00+00:00,1552.2637939453125,1560.3250732421875,1545.73876953125,1555.2568359375,2429214718,0.0,0.0
2023-10-15 00:00:00+00:00,1555.0760498046875,1565.7608642578125,1550.5545654296875,1558.06982421875,2923337883,0.0,0.0
2023-10-16 00:00:00+00:00,1558.3134765625,1628.15625,1555.9896240234375,1600.5343017578125,8846928526,0.0,0.0
2023-10-17 00:00:00+00:00,1600.6356201171875,1601.294677734375,1554.4029541015625,1565.4395751953125,5032686973,0.0,0.0
2023-10-18 00:00:00+00:00,1565.3828125,1584.7269287109375,1556.736328125,1563.7498779296875,4354138855,0.0,0.0
2023-10-19 00:00:00+00:00,1563.9581298828125,1573.7376708984375,1543.5850830078125,1567.45703125,5035110867,0.0,0.0
2023-10-20 00:00:00+00:00,1567.5709228515625,1628.6090087890625,1562.3028564453125,1604.6668701171875,6747486127,0.0,0.0
2023-10-21 00:00:00+00:00,1604.822265625,1641.2418212890625,1593.447998046875,1629.304443359375,4212179634,0.0,0.0
2023-10-22 00:00:00+00:00,1629.2977294921875,1667.6666259765625,1623.9847412109375,1663.429931640625,5248406817,0.0,0.0
2023-10-23 00:00:00+00:00,1674.8492431640625,1794.0704345703125,1663.447998046875,1765.3826904296875,14362295879,0.0,0.0
2023-10-24 00:00:00+00:00,1766.0146484375,1852.6844482421875,1758.6900634765625,1784.4375,15888690475,0.0,0.0
2023-10-25 00:00:00+00:00,1784.905029296875,1814.4847412109375,1762.1470947265625,1787.3975830078125,9439066475,0.0,0.0
2023-10-26 00:00:00+00:00,1787.48193359375,1865.09521484375,1764.0130615234375,1804.039306640625,11196672635,0.0,0.0
2023-10-27 00:00:00+00:00,1803.794921875,1804.1358642578125,1751.4400634765625,1780.0452880859375,7493399771,0.0,0.0
2023-10-28 00:00:00+00:00,1780.084228515625,1800.6053466796875,1773.4366455078125,1776.6181640625,4226112731,0.0,0.0
2023-10-29 00:00:00+00:00,1776.56396484375,1810.4886474609375,1766.052978515625,1795.5460205078125,4358528382,0.0,0.0
2023-10-30 00:00:00+00:00,1795.589111328125,1829.24951171875,1779.364501953125,1810.088623046875,7534051038,0.0,0.0
2023-10-31 00:00:00+00:00,1810.131591796875,1819.97265625,1784.567626953125,1816.458984375,6477922747,0.0,0.0
2023-11-01 00:00:00+00:00,1815.8720703125,1858.3128662109375,1786.4095458984375,1847.0897216796875,10628825648,0.0,0.0
2023-11-02 00:00:00+00:00,1847.2598876953125,1873.885009765625,1790.11474609375,1800.6209716796875,9004197724,0.0,0.0
2023-11-03 00:00:00+00:00,1800.91650390625,1835.072509765625,1779.635498046875,1832.795166015625,7622864055,0.0,0.0
2023-11-04 00:00:00+00:00,1833.368896484375,1867.2613525390625,1825.736572265625,1857.6986083984375,4845080427,0.0,0.0
2023-11-05 00:00:00+00:00,1857.3956298828125,1911.608642578125,1848.6201171875,1894.15771484375,8867152645,0.0,0.0
2023-11-06 00:00:00+00:00,1894.027099609375,1914.5826416015625,1871.9730224609375,1899.83740234375,8104122602,0.0,0.0
2023-11-07 00:00:00+00:00,1900.5997314453125,1907.5614013671875,1852.7908935546875,1888.124267578125,9203228152,0.0,0.0
2023-11-08 00:00:00+00:00,1887.1190185546875,1904.5462646484375,1874.545654296875,1889.3223876953125,6751627017,0.0,0.0
2023-11-09 00:00:00+00:00,1888.9403076171875,2130.88525390625,1884.204345703125,2120.56103515625,24709695029,0.0,0.0
2023-11-10 00:00:00+00:00,2121.0673828125,2134.69140625,2068.13427734375,2078.289794921875,14740624457,0.0,0.0
2023-11-11 00:00:00+00:00,2078.058349609375,2089.530517578125,2035.0821533203125,2052.7138671875,10228351203,0.0,0.0
2023-11-12 00:00:00+00:00,2053.11865234375,2066.00341796875,2019.028076171875,2045.18701171875,7951011698,0.0,0.0
2023-11-13 00:00:00+00:00,2045.3544921875,2116.0107421875,2031.9542236328125,2055.265380859375,14322027970,0.0,0.0
2023-11-14 00:00:00+00:00,2054.765380859375,2065.06689453125,1939.2803955078125,1979.0526123046875,13087862495,0.0,0.0
2023-11-15 00:00:00+00:00,1979.47265625,2061.99169921875,1968.774658203125,2060.408447265625,12626326991,0.0,0.0
2023-11-16 00:00:00+00:00,2059.9658203125,2088.662353515625,1940.57421875,1960.881591796875,14651619483,0.0,0.0
2023-11-17 00:00:00+00:00,1961.8675537109375,1990.050537109375,1910.4454345703125,1961.28076171875,11881648738,0.0,0.0
2023-11-18 00:00:00+00:00,1961.6712646484375,1971.4622802734375,1921.0623779296875,1963.2850341796875,8064677046,0.0,0.0
2023-11-19 00:00:00+00:00,1963.1800537109375,2015.6339111328125,1944.90087890625,2013.2044677734375,7716048818,0.0,0.0
2023-11-20 00:00:00+00:00,2011.8533935546875,2066.409912109375,1996.0443115234375,2022.2391357421875,12866464824,0.0,0.0
2023-11-21 00:00:00+00:00,2022.21728515625,2035.035888671875,1937.0667724609375,1937.0667724609375,13653500841,0.0,0.0
2023-11-22 00:00:00+00:00,1933.5831298828125,2089.51416015625,1933.1629638671875,2064.42529296875,13372200584,0.0,0.0
2023-11-23 00:00:00+00:00,2063.905517578125,2088.031982421875,2041.4642333984375,2062.210693359375,7828437946,0.0,0.0
2023-11-24 00:00:00+00:00,2062.411865234375,2132.481201171875,2060.9990234375,2081.152099609375,12141148820,0.0,0.0
2023-11-25 00:00:00+00:00,2081.296142578125,2091.3427734375,2067.917236328125,2084.4130859375,5362623390,0.0,0.0
2023-11-26 00:00:00+00:00,2084.177490234375,2094.095947265625,2038.6004638671875,2063.2861328125,8054814154,0.0,0.0
2023-11-27 00:00:00+00:00,2062.390869140625,2070.606201171875,1988.120361328125,2027.4173583984375,10574810069,0.0,0.0
2023-11-28 00:00:00+00:00,2027.5172119140625,2074.9541015625,1996.814697265625,2049.338134765625,9910633038,0.0,0.0
2023-11-29 00:00:00+00:00,2049.186767578125,2071.994384765625,2020.756591796875,2029.92919921875,8945151861,0.0,0.0
2023-11-30 00:00:00+00:00,2029.3583984375,2054.4443359375,2022.4617919921875,2052.55615234375,8107789163,0.0,0.0
2023-12-01 00:00:00+00:00,2052.0966796875,2109.319091796875,2046.5570068359375,2087.139892578125,10866891430,0.0,0.0
2023-12-02 00:00:00+00:00,2087.66357421875,2182.81787109375,2087.407958984375,2165.7041015625,9130124831,0.0,0.0
2023-12-03 00:00:00+00:00,2165.895751953125,2213.17578125,2151.720947265625,2193.691650390625,8278465782,0.0,0.0
2023-12-04 00:00:00+00:00,2193.663330078125,2273.06982421875,2193.00732421875,2243.2158203125,16149367134,0.0,0.0
2023-12-05 00:00:00+00:00,2243.092529296875,2306.5703125,2191.17626953125,2293.841796875,15383072559,0.0,0.0
2023-12-06 00:00:00+00:00,2293.628173828125,2310.713134765625,2225.0810546875,2231.661376953125,12790612571,0.0,0.0
2023-12-07 00:00:00+00:00,2233.2177734375,2380.729736328125,2225.050537109375,2357.57958984375,14766891042,0.0,0.0
2023-12-08 00:00:00+00:00,2357.169189453125,2387.514404296875,2340.92041015625,2358.73193359375,12543458699,0.0,0.0
2023-12-09 00:00:00+00:00,2358.68603515625,2401.760498046875,2331.666015625,2341.17529296875,10613312823,0.0,0.0
2023-12-10 00:00:00+00:00,2341.440185546875,2376.749755859375,2323.40576171875,2352.462646484375,7369608905,0.0,0.0
2023-12-11 00:00:00+00:00,2352.49658203125,2354.9140625,2160.358154296875,2224.578857421875,17989249470,0.0,0.0
2023-12-12 00:00:00+00:00,2224.39111328125,2242.55126953125,2166.77001953125,2202.0380859375,11391132228,0.0,0.0
2023-12-13 00:00:00+00:00,2202.600341796875,2283.09912109375,2150.75439453125,2260.648681640625,12576395493,0.0,0.0
2023-12-14 00:00:00+00:00,2260.736083984375,2331.6015625,2239.3662109375,2316.5791015625,12608711052,0.0,0.0
2023-12-15 00:00:00+00:00,2316.1103515625,2316.892822265625,2214.26318359375,2219.33740234375,10259157898,0.0,0.0
2023-12-16 00:00:00+00:00,2220.41552734375,2260.809814453125,2213.55078125,2226.926513671875,6866555430,0.0,0.0
2023-12-17 00:00:00+00:00,2226.892578125,2244.366455078125,2195.76171875,2196.481201171875,7410453853,0.0,0.0
2023-12-18 00:00:00+00:00,2195.341796875,2222.019287109375,2120.12744140625,2217.2734375,10366536490,0.0,0.0
2023-12-19 00:00:00+00:00,2218.240966796875,2253.348876953125,2139.723388671875,2177.87255859375,10619179629,0.0,0.0
2023-12-20 00:00:00+00:00,2177.239501953125,2263.3291015625,2161.21875,2201.911376953125,12652290807,0.0,0.0
2023-12-21 00:00:00+00:00,2201.7900390625,2278.12158203125,2184.856689453125,2239.54248046875,12616530536,0.0,0.0
2023-12-22 00:00:00+00:00,2239.59814453125,2341.947509765625,2233.53271484375,2326.52490234375,16137246310,0.0,0.0
2023-12-23 00:00:00+00:00,2326.7158203125,2332.072021484375,2270.428955078125,2309.04638671875,7995772945,0.0,0.0
2023-12-24 00:00:00+00:00,2309.626708984375,2325.705078125,2249.984375,2265.692138671875,9450799236,0.0,0.0
2023-12-25 00:00:00+00:00,2265.340576171875,2303.551025390625,2254.574462890625,2272.561767578125,8036302656,0.0,0.0
2023-12-26 00:00:00+00:00,2272.21875,2274.557373046875,2180.225341796875,2231.46533203125,10668581464,0.0,0.0
2023-12-27 00:00:00+00:00,2231.39306640625,2392.608642578125,2215.140380859375,2378.739990234375,14161342927,0.0,0.0
2023-12-28 00:00:00+00:00,2380.20068359375,2445.017578125,2338.703857421875,2347.566162109375,15660799060,0.0,0.0
2023-12-29 00:00:00+00:00,2346.84375,2386.004638671875,2262.975830078125,2300.690673828125,12536968996,0.0,0.0
2023-12-30 00:00:00+00:00,2300.399658203125,2322.021484375,2270.011962890625,2292.0654296875,6888195427,0.0,0.0
2023-12-31 00:00:00+00:00,2291.9453125,2318.512939453125,2261.394287109375,2281.47119140625,6871481744,0.0,0.0
2024-01-01 00:00:00+00:00,2282.870361328125,2352.327880859375,2267.01806640625,2352.327880859375,6906765990,0.0,0.0
2024-01-02 00:00:00+00:00,2352.593505859375,2431.21240234375,2348.892333984375,2355.83642578125,12910543630,0.0,0.0
2024-01-03 00:00:00+00:00,2355.9814453125,2385.11767578125,2113.92529296875,2210.761962890625,19332933581,0.0,0.0
2024-01-04 00:00:00+00:00,2210.529052734375,2294.608154296875,2204.86572265625,2269.0380859375,11044564896,0.0,0.0
2024-01-05 00:00:00+00:00,2269.409423828125,2276.7646484375,2209.537109375,2268.647216796875,10860953290,0.0,0.0
2024-01-06 00:00:00+00:00,2269.5400390625,2271.359375,2219.781982421875,2241.624755859375,5970741680,0.0,0.0
2024-01-07 00:00:00+00:00,2242.0126953125,2257.1279296875,2211.5625,2222.865966796875,6490053615,0.0,0.0
2024-01-08 00:00:00+00:00,2222.857666015625,2358.815673828125,2171.99365234375,2333.03271484375,13830287095,0.0,0.0
2024-01-09 00:00:00+00:00,2332.8681640625,2369.6416015625,2243.21923828125,2344.8271484375,14891130716,0.0,0.0
2024-01-10 00:00:00+00:00,2344.923583984375,2626.976806640625,2341.943115234375,2582.103515625,29042100476,0.0,0.0
2024-01-11 00:00:00+00:00,2584.171630859375,2687.779052734375,2567.99365234375,2619.619140625,22575246883,0.0,0.0
2024-01-12 00:00:00+00:00,2619.177001953125,2710.421875,2460.925537109375,2524.460205078125,23623839263,0.0,0.0
2024-01-13 00:00:00+00:00,2522.933837890625,2589.079833984375,2498.594482421875,2576.597900390625,12250316867,0.0,0.0
2024-01-14 00:00:00+00:00,2578.003662109375,2578.332275390625,2470.42431640625,2472.2412109375,9405587417,0.0,0.0
2024-01-15 00:00:00+00:00,2471.6669921875,2550.76904296875,2470.82080078125,2511.36376953125,9700630000,0.0,0.0
2024-01-16 00:00:00+00:00,2510.627197265625,2613.56689453125,2500.00390625,2587.691162109375,11063317095,0.0,0.0
2024-01-17 00:00:00+00:00,2587.044677734375,2592.737060546875,2508.432861328125,2528.369384765625,10441017520,0.0,0.0
2024-01-18 00:00:00+00:00,2528.59326171875,2546.263916015625,2426.135498046875,2467.018798828125,11900028080,0.0,0.0
2024-01-19 00:00:00+00:00,2468.68896484375,2501.30517578125,2414.7109375,2489.49853515625,11405278376,0.0,0.0
2024-01-20 00:00:00+00:00,2489.84765625,2489.84765625,2456.095703125,2469.589111328125,5297826161,0.0,0.0
2024-01-21 00:00:00+00:00,2469.798583984375,2479.760498046875,2452.377685546875,2453.9130859375,4578471955,0.0,0.0
2024-01-22 00:00:00+00:00,2454.9873046875,2463.447265625,2303.502685546875,2310.826416015625,13923771728,0.0,0.0
2024-01-23 00:00:00+00:00,2310.95166015625,2348.03125,2167.282470703125,2240.68603515625,16182147521,0.0,0.0
2024-01-24 00:00:00+00:00,2241.749755859375,2261.384521484375,2197.65673828125,2233.561767578125,10134722960,0.0,0.0
2024-01-25 00:00:00+00:00,2233.969970703125,2240.380859375,2173.6865234375,2217.710205078125,9302247037,0.0,0.0
2024-01-26 00:00:00+00:00,2217.44189453125,2280.3837890625,2196.14013671875,2267.19970703125,9975117607,0.0,0.0
2024-01-27 00:00:00+00:00,2267.3193359375,2282.54443359375,2252.38525390625,2267.885986328125,5144367230,0.0,0.0
2024-01-28 00:00:00+00:00,2268.19287109375,2306.898681640625,2242.683837890625,2257.208740234375,7296214994,0.0,0.0
2024-01-29 00:00:00+00:00,2256.995361328125,2320.02734375,2237.711669921875,2317.064208984375,8948195551,0.0,0.0
2024-01-30 00:00:00+00:00,2317.435791015625,2388.87060546875,2298.281982421875,2344.49365234375,10173440062,0.0,0.0
2024-01-31 00:00:00+00:00,2343.558837890625,2349.611328125,2264.443603515625,2282.54443359375,10807883277,0.0,0.0
2024-02-01 00:00:00+00:00,2282.17529296875,2309.842529296875,2243.57177734375,2303.82470703125,8895583113,0.0,0.0
2024-02-02 00:00:00+00:00,2303.7060546875,2323.053466796875,2282.230224609375,2308.0380859375,7186143091,0.0,0.0
2024-02-03 00:00:00+00:00,2307.980224609375,2327.346923828125,2293.5380859375,2296.038330078125,4647754021,0.0,0.0
2024-02-04 00:00:00+00:00,2296.116943359375,2309.01123046875,2272.304931640625,2289.546142578125,5438100035,0.0,0.0
2024-02-05 00:00:00+00:00,2289.20556640625,2334.6767578125,2270.06787109375,2298.888916015625,7277068110,0.0,0.0
2024-02-06 00:00:00+00:00,2298.955078125,2389.826171875,2296.78857421875,2372.201904296875,9520885493,0.0,0.0
2024-02-07 00:00:00+00:00,2372.2626953125,2442.63623046875,2353.7060546875,2423.7451171875,9660628536,0.0,0.0
2024-02-08 00:00:00+00:00,2424.080078125,2459.556640625,2414.74951171875,2419.906494140625,9941841732,0.0,0.0
2024-02-09 00:00:00+00:00,2419.773681640625,2522.724609375,2419.36279296875,2487.515625,13634203177,0.0,0.0
2024-02-10 00:00:00+00:00,2487.650390625,2516.7197265625,2475.857666015625,2501.228271484375,6474444159,0.0,0.0
2024-02-11 00:00:00+00:00,2501.1298828125,2537.67919921875,2495.21435546875,2507.570556640625,7347245813,0.0,0.0
2024-02-12 00:00:00+00:00,2507.578857421875,2663.8427734375,2473.81201171875,2658.115966796875,13022696866,0.0,0.0
2024-02-13 00:00:00+00:00,2659.586181640625,2686.455078125,2599.16943359375,2642.185302734375,18271237044,0.0,0.0
2024-02-14 00:00:00+00:00,2641.685302734375,2786.8935546875,2621.025390625,2777.90234375,21448973822,0.0,0.0
2024-02-15 00:00:00+00:00,2777.601318359375,2865.845458984375,2764.010498046875,2824.37890625,23734481937,0.0,0.0
2024-02-16 00:00:00+00:00,2825.480712890625,2858.450439453125,2760.3310546875,2803.69140625,17057114638,0.0,0.0
2024-02-17 00:00:00+00:00,2803.73583984375,2805.128662109375,2724.386962890625,2786.672607421875,17932379943,0.0,0.0
2024-02-18 00:00:00+00:00,2786.709716796875,2892.843505859375,2767.9130859375,2878.998046875,23355830478,0.0,0.0
2024-02-19 00:00:00+00:00,2881.296875,2983.37060546875,2860.263671875,2943.57470703125,15163110589,0.0,0.0
2024-02-20 00:00:00+00:00,2944.1064453125,3031.5244140625,2879.9033203125,3013.503662109375,20341598470,0.0,0.0
2024-02-21 00:00:00+00:00,3015.6533203125,3017.1904296875,2875.41845703125,2970.35546875,18897136867,0.0,0.0
2024-02-22 00:00:00+00:00,2969.599853515625,3030.666015625,2907.109375,2971.00732421875,18058908246,0.0,0.0
2024-02-23 00:00:00+00:00,2970.1396484375,2991.32958984375,2906.583740234375,2921.658203125,12822717059,0.0,0.0
2024-02-24 00:00:00+00:00,2921.962890625,3003.195068359375,2907.70068359375,2992.385986328125,10701688842,0.0,0.0
2024-02-25 00:00:00+00:00,2992.36669921875,3117.428955078125,2984.39306640625,3112.697265625,14620450464,0.0,0.0
2024-02-26 00:00:00+00:00,3112.529052734375,3197.375,3037.95458984375,3178.99365234375,17504464351,0.0,0.0
2024-02-27 00:00:00+00:00,3178.405029296875,3287.9580078125,3167.83056640625,3244.519287109375,21090315368,0.0,0.0
2024-02-28 00:00:00+00:00,3243.893310546875,3485.450927734375,3201.575927734375,3385.703857421875,32885894265,0.0,0.0
2024-02-29 00:00:00+00:00,3386.802734375,3518.96923828125,3303.9052734375,3341.919677734375,28469171094,0.0,0.0
2024-03-01 00:00:00+00:00,3341.9658203125,3452.626220703125,3341.85107421875,3435.053955078125,16880101987,0.0,0.0
2024-03-02 00:00:00+00:00,3436.1591796875,3459.747314453125,3398.89892578125,3422.0498046875,12024340617,0.0,0.0
2024-03-03 00:00:00+00:00,3422.875244140625,3491.16845703125,3372.214111328125,3490.99365234375,13643324467,0.0,0.0
2024-03-04 00:00:00+00:00,3489.340087890625,3641.459228515625,3446.017578125,3630.433837890625,26772963830,0.0,0.0
2024-03-05 00:00:00+00:00,3631.928955078125,3828.15966796875,3224.119384765625,3554.964599609375,47706899137,0.0,0.0
2024-03-06 00:00:00+00:00,3554.06787109375,3901.434326171875,3502.802490234375,3819.226318359375,34938642613,0.0,0.0
2024-03-07 00:00:00+00:00,3818.31103515625,3939.593994140625,3738.685302734375,3874.34765625,22457177587,0.0,0.0
2024-03-08 00:00:00+00:00,3874.830810546875,3998.826416015625,3828.36328125,3892.06103515625,26135487051,0.0,0.0
2024-03-09 00:00:00+00:00,3892.119140625,3950.396484375,3880.658935546875,3915.4189453125,11926623780,0.0,0.0
2024-03-10 00:00:00+00:00,3915.590576171875,3968.7236328125,3800.564453125,3881.193115234375,15783924355,0.0,0.0
2024-03-11 00:00:00+00:00,3881.23779296875,4087.050048828125,3745.125244140625,4066.445068359375,28806262507,0.0,0.0
2024-03-12 00:00:00+00:00,4066.6904296875,4092.2841796875,3831.889892578125,3980.273193359375,26917010932,0.0,0.0
2024-03-13 00:00:00+00:00,3980.26513671875,4083.00732421875,3936.627197265625,4006.45703125,22028114691,0.0,0.0
2024-03-14 00:00:00+00:00,4005.7451171875,4011.102783203125,3721.78857421875,3883.140380859375,25434810823,0.0,0.0
2024-03-15 00:00:00+00:00,3882.85693359375,3928.775634765625,3571.774658203125,3735.22021484375,33505075433,0.0,0.0
2024-03-16 00:00:00+00:00,3736.10498046875,3780.89453125,3468.079345703125,3522.860107421875,20199855932,0.0,0.0
2024-03-17 00:00:00+00:00,3523.02978515625,3676.263427734375,3414.17236328125,3642.4130859375,19938757095,0.0,0.0
2024-03-18 00:00:00+00:00,3642.298828125,3642.4970703125,3456.09130859375,3517.985107421875,21162220224,0.0,0.0
2024-03-19 00:00:00+00:00,3518.34765625,3546.582275390625,3149.286865234375,3157.6181640625,34166976701,0.0,0.0
2024-03-20 00:00:00+00:00,3158.396728515625,3534.826416015625,3059.65478515625,3513.39306640625,36605316331,0.0,0.0
2024-03-21 00:00:00+00:00,3514.017578125,3586.905029296875,3412.22265625,3492.9912109375,22213647922,0.0,0.0
2024-03-22 00:00:00+00:00,3492.89794921875,3541.898193359375,3254.96923828125,3333.68798828125,20574952329,0.0,0.0
2024-03-23 00:00:00+00:00,3335.592529296875,3433.758056640625,3273.115478515625,3336.593994140625,13242137554,0.0,0.0
2024-03-24 00:00:00+00:00,3336.666015625,3470.344482421875,3301.27734375,3454.636474609375,12156660941,0.0,0.0
2024-03-25 00:00:00+00:00,3454.8857421875,3657.118896484375,3421.79052734375,3590.8837890625,18603921705,0.0,0.0
2024-03-26 00:00:00+00:00,3591.085205078125,3678.789794921875,3545.4287109375,3587.5048828125,18505553577,0.0,0.0
2024-03-27 00:00:00+00:00,3587.313720703125,3664.383056640625,3460.3935546875,3500.115234375,18753082145,0.0,0.0
2024-03-28 00:00:00+00:00,3500.216064453125,3609.705322265625,3465.332275390625,3561.2939453125,16419674157,0.0,0.0
2024-03-29 00:00:00+00:00,3561.01171875,3583.701416015625,3475.7255859375,3511.80615234375,12712701619,0.0,0.0
2024-03-30 00:00:00+00:00,3511.82763671875,3566.08447265625,3489.902099609375,3507.9443359375,9389066783,0.0,0.0
2024-03-31 00:00:00+00:00,3507.95166015625,3655.218994140625,3507.24267578125,3647.8564453125,10499881424,0.0,0.0
2024-04-01 00:00:00+00:00,3647.819580078125,3648.129150390625,3418.6953125,3505.030029296875,16002098681,0.0,0.0
2024-04-02 00:00:00+00:00,3504.818359375,3506.962890625,3215.985107421875,3277.234619140625,22076539151,0.0,0.0
2024-04-03 00:00:00+00:00,3277.32421875,3368.111572265625,3205.649169921875,3311.44189453125,16010734587,0.0,0.0
2024-04-04 00:00:00+00:00,3311.495361328125,3443.20751953125,3253.3193359375,3330.04052734375,14476330517,0.0,0.0
2024-04-05 00:00:00+00:00,3330.005859375,3345.66650390625,3214.244140625,3318.88525390625,15214447092,0.0,0.0
2024-04-06 00:00:00+00:00,3318.86474609375,3397.592529296875,3308.9833984375,3354.183837890625,8956926798,0.0,0.0
2024-04-07 00:00:00+00:00,3354.2138671875,3458.50830078125,3346.11474609375,3453.49462890625,9931108526,0.0,0.0
2024-04-08 00:00:00+00:00,3453.498779296875,3727.616455078125,3409.51171875,3695.292724609375,19055143129,0.0,0.0
2024-04-09 00:00:00+00:00,3695.341796875,3724.92236328125,3455.107666015625,3505.163330078125,18279773833,0.0,0.0
2024-04-10 00:00:00+00:00,3505.156005859375,3561.516357421875,3415.180419921875,3543.737060546875,16872482726,0.0,0.0
2024-04-11 00:00:00+00:00,3543.4521484375,3616.1943359375,3477.171142578125,3505.247802734375,14076734489,0.0,0.0
2024-04-12 00:00:00+00:00,3505.329833984375,3552.589111328125,3103.43017578125,3243.034912109375,22104869556,0.0,0.0
2024-04-13 00:00:00+00:00,3242.94091796875,3299.663818359375,2862.3935546875,3004.900390625,29930408174,0.0,0.0
2024-04-14 00:00:00+00:00,3005.547607421875,3174.66650390625,2914.4228515625,3156.94189453125,25486284994,0.0,0.0
2024-04-15 00:00:00+00:00,3156.830078125,3277.5615234375,3026.538818359375,3101.600341796875,21925843181,0.0,0.0
2024-04-16 00:00:00+00:00,3101.140625,3127.160888671875,2997.754638671875,3084.920166015625,19441391169,0.0,0.0
2024-04-17 00:00:00+00:00,3084.923583984375,3123.669677734375,2918.5537109375,2984.7275390625,17711869375,0.0,0.0
2024-04-18 00:00:00+00:00,2984.705322265625,3094.842041015625,2956.12744140625,3066.027587890625,15183777035,0.0,0.0
2024-04-19 00:00:00+00:00,3065.953125,3127.114990234375,2868.7958984375,3059.278564453125,20399982867,0.0,0.0
2024-04-20 00:00:00+00:00,3059.47802734375,3170.6728515625,3021.784912109375,3157.627197265625,9918642130,0.0,0.0
2024-04-21 00:00:00+00:00,3157.571044921875,3197.50634765625,3119.552001953125,3147.28857421875,9394387894,0.0,0.0
2024-04-22 00:00:00+00:00,3147.66357421875,3236.6591796875,3131.367431640625,3201.652099609375,12063858733,0.0,0.0
2024-04-23 00:00:00+00:00,3201.588623046875,3264.41943359375,3154.58984375,3219.91162109375,11054442653,0.0,0.0
2024-04-24 00:00:00+00:00,3219.95703125,3292.921630859375,3105.982177734375,3139.80517578125,14000234760,0.0,0.0
2024-04-25 00:00:00+00:00,3139.624267578125,3190.976318359375,3074.8046875,3156.509521484375,13989030260,0.0,0.0
2024-04-26 00:00:00+00:00,3156.384033203125,3166.188720703125,3103.10400390625,3130.164794921875,10622333862,0.0,0.0
2024-04-27 00:00:00+00:00,3129.72705078125,3279.451171875,3071.340087890625,3252.168212890625,11820785577,0.0,0.0
2024-04-28 00:00:00+00:00,3252.24560546875,3351.176513671875,3249.149169921875,3262.774658203125,11379192678,0.0,0.0
2024-04-29 00:00:00+00:00,3262.3408203125,3285.46875,3116.199951171875,3215.428955078125,15032246816,0.0,0.0
2024-04-30 00:00:00+00:00,3215.381103515625,3249.37841796875,2918.228759765625,3012.286865234375,18266894653,0.0,0.0
2024-05-01 00:00:00+00:00,3011.015625,3020.17333984375,2815.92333984375,2969.78466796875,20005057445,0.0,0.0
2024-05-02 00:00:00+00:00,2969.79443359375,3015.05029296875,2894.329833984375,2988.16845703125,13163903903,0.0,0.0
2024-05-03 00:00:00+00:00,2988.134521484375,3127.1552734375,2960.18212890625,3103.5419921875,12862183229,0.0,0.0
2024-05-04 00:00:00+00:00,3103.61962890625,3167.541259765625,3096.267578125,3117.576416015625,8283229638,0.0,0.0
2024-05-05 00:00:00+00:00,3117.636962890625,3170.05517578125,3075.586181640625,3137.2490234375,8783447639,0.0,0.0
2024-05-06 00:00:00+00:00,3137.51025390625,3220.15234375,3048.238525390625,3062.728759765625,13008587255,0.0,0.0
2024-05-07 00:00:00+00:00,3062.7509765625,3129.081298828125,3003.013671875,3006.5771484375,11743187337,0.0,0.0
2024-05-08 00:00:00+00:00,3006.315673828125,3037.196044921875,2938.47265625,2973.6572265625,11791662158,0.0,0.0
2024-05-09 00:00:00+00:00,2973.9716796875,3057.958251953125,2951.223876953125,3036.0205078125,10861947179,0.0,0.0
2024-05-10 00:00:00+00:00,3036.231201171875,3052.7294921875,2881.000732421875,2909.791259765625,12278653601,0.0,0.0
2024-05-11 00:00:00+00:00,2909.845458984375,2942.1787109375,2888.083251953125,2911.60205078125,6795916454,0.0,0.0
2024-05-12 00:00:00+00:00,2911.658203125,2953.04736328125,2902.201904296875,2928.701904296875,5908941395,0.0,0.0
2024-05-13 00:00:00+00:00,2928.81396484375,2994.869140625,2865.134521484375,2949.359619140625,13352264795,0.0,0.0
2024-05-14 00:00:00+00:00,2949.213134765625,2959.546630859375,2863.5458984375,2881.157958984375,12444516140,0.0,0.0
2024-05-15 00:00:00+00:00,2881.224609375,3041.602294921875,2864.7353515625,3037.056640625,14666902956,0.0,0.0
2024-05-16 00:00:00+00:00,3036.01416015625,3041.80712890625,2925.08740234375,2945.131103515625,13035465176,0.0,0.0
2024-05-17 00:00:00+00:00,2945.136962890625,3120.3017578125,2934.112548828125,3094.11865234375,14449438097,0.0,0.0
2024-05-18 00:00:00+00:00,3094.553466796875,3146.79052734375,3087.704345703125,3122.948974609375,9407051320,0.0,0.0
2024-05-19 00:00:00+00:00,3122.82470703125,3137.1484375,3056.75439453125,3071.843017578125,8747800800,0.0,0.0
2024-05-20 00:00:00+00:00,3071.85888671875,3690.805908203125,3050.2978515625,3663.85546875,31228143948,0.0,0.0
2024-05-21 00:00:00+00:00,3663.01123046875,3837.372802734375,3628.096435546875,3789.312744140625,37643853967,0.0,0.0
2024-05-22 00:00:00+00:00,3789.372802734375,3810.948486328125,3655.0751953125,3737.2177734375,25155809461,0.0,0.0
2024-05-23 00:00:00+00:00,3737.178466796875,3943.553955078125,3552.642578125,3776.92724609375,45623656317,0.0,0.0
2024-05-24 00:00:00+00:00,3776.992431640625,3825.12255859375,3631.990234375,3726.9345703125,22257061429,0.0,0.0
2024-05-25 00:00:00+00:00,3726.9755859375,3776.006591796875,3710.5283203125,3749.236572265625,10000027764,0.0,0.0
2024-05-26 00:00:00+00:00,3749.179931640625,3879.470703125,3732.02294921875,3825.8974609375,14650794791,0.0,0.0
2024-05-27 00:00:00+00:00,3826.127197265625,3973.556396484375,3821.930419921875,3892.0068359375,18949181813,0.0,0.0
2024-05-28 00:00:00+00:00,3892.096923828125,3924.895751953125,3771.2138671875,3840.25634765625,19846044324,0.0,0.0
2024-05-29 00:00:00+00:00,3840.235107421875,3880.6484375,3742.041259765625,3763.196533203125,17411416736,0.0,0.0
2024-05-30 00:00:00+00:00,3763.357666015625,3823.643310546875,3702.263671875,3746.849609375,15065849797,0.0,0.0
2024-05-31 00:00:00+00:00,3746.861572265625,3843.857666015625,3723.835205078125,3760.026611328125,15290700646,0.0,0.0
2024-06-01 00:00:00+00:00,3759.88427734375,3829.294677734375,3749.840087890625,3813.198974609375,8661024535,0.0,0.0
2024-06-02 00:00:00+00:00,3813.275634765625,3834.911865234375,3752.41455078125,3780.89599609375,11126903059,0.0,0.0
2024-06-03 00:00:00+00:00,3780.854248046875,3848.60302734375,3758.919921875,3766.38916015625,14082454300,0.0,0.0
2024-06-04 00:00:00+00:00,3766.476318359375,3831.364990234375,3738.13427734375,3812.515869140625,13331489271,0.0,0.0
2024-06-05 00:00:00+00:00,3812.560791015625,3887.48583984375,3778.65576171875,3864.260986328125,15480034434,0.0,0.0
2024-06-06 00:00:00+00:00,3864.263427734375,3878.05224609375,3761.775390625,3811.60595703125,13606583873,0.0,0.0
2024-06-07 00:00:00+00:00,3811.666015625,3838.4521484375,3615.2802734375,3678.629150390625,18220286186,0.0,0.0
2024-06-08 00:00:00+00:00,3677.400390625,3707.497314453125,3669.637939453125,3680.949951171875,9096091805,0.0,0.0
2024-06-09 00:00:00+00:00,3680.93603515625,3719.36767578125,3668.12353515625,3705.90380859375,7910768788,0.0,0.0
2024-06-10 00:00:00+00:00,3705.877197265625,3711.4287109375,3648.16455078125,3666.717529296875,10377300126,0.0,0.0
2024-06-11 00:00:00+00:00,3666.35888671875,3669.890869140625,3434.7490234375,3498.33056640625,19184721538,0.0,0.0
2024-06-12 00:00:00+00:00,3497.89697265625,3652.4921875,3463.784912109375,3559.61767578125,17142905351,0.0,0.0
2024-06-13 00:00:00+00:00,3559.725341796875,3559.725341796875,3431.33349609375,3469.28125,14472382154,0.0,0.0
2024-06-14 00:00:00+00:00,3467.969970703125,3528.602294921875,3366.223876953125,3480.27197265625,15793876596,0.0,0.0
2024-06-15 00:00:00+00:00,3479.78564453125,3589.887451171875,3473.45263671875,3565.549560546875,12733651076,0.0,0.0
2024-06-16 00:00:00+00:00,3566.761962890625,3648.093017578125,3541.534423828125,3620.5634765625,9878388158,0.0,0.0
2024-06-17 00:00:00+00:00,3622.383544921875,3634.285400390625,3468.14892578125,3511.37890625,17838856988,0.0,0.0
2024-06-18 00:00:00+00:00,3510.565185546875,3514.17724609375,3371.59033203125,3483.681396484375,21022514455,0.0,0.0
2024-06-19 00:00:00+00:00,3482.350830078125,3583.320068359375,3466.48095703125,3559.347412109375,15275373778,0.0,0.0
2024-06-20 00:00:00+00:00,3559.347412109375,3623.886474609375,3485.4599609375,3511.0869140625,16115123753,0.0,0.0
2024-06-21 00:00:00+00:00,3511.268310546875,3542.957275390625,3447.935546875,3516.07568359375,15933353456,0.0,0.0
2024-06-22 00:00:00+00:00,3516.55126953125,3519.49755859375,3477.169921875,3494.8134765625,7423703673,0.0,0.0
2024-06-23 00:00:00+00:00,3494.953857421875,3519.324951171875,3408.5830078125,3418.61181640625,9418141333,0.0,0.0
2024-06-24 00:00:00+00:00,3418.783203125,3430.698974609375,3244.241455078125,3350.25634765625,23137744903,0.0,0.0
2024-06-25 00:00:00+00:00,3350.5556640625,3422.21337890625,3335.556884765625,3395.029052734375,13235546063,0.0,0.0
2024-06-26 00:00:00+00:00,3394.373291015625,3421.509521484375,3328.390625,3369.477294921875,11694054195,0.0,0.0
2024-06-27 00:00:00+00:00,3368.88623046875,3470.923095703125,3362.2646484375,3444.800537109375,11771834016,0.0,0.0
2024-06-28 00:00:00+00:00,3445.498779296875,3482.95751953125,3363.4375,3373.635986328125,12861158844,0.0,0.0
2024-06-29 00:00:00+00:00,3373.68994140625,3401.730224609375,3369.552734375,3372.9677734375,6584792001,0.0,0.0
2024-06-30 00:00:00+00:00,3373.07568359375,3453.21142578125,3352.284423828125,3432.88916015625,8396416013,0.0,0.0
2024-07-01 00:00:00+00:00,3432.607421875,3513.310791015625,3425.3232421875,3440.341552734375,12281551839,0.0,0.0
2024-07-02 00:00:00+00:00,3439.38134765625,3459.761474609375,3399.026123046875,3416.354736328125,9421757718,0.0,0.0
2024-07-03 00:00:00+00:00,3416.2548828125,3426.332275390625,3254.521240234375,3292.916748046875,16121324440,0.0,0.0
2024-07-04 00:00:00+00:00,3291.81787109375,3309.20361328125,3054.52197265625,3054.52197265625,20252514386,0.0,0.0
2024-07-05 00:00:00+00:00,3057.833251953125,3106.152587890625,2826.014404296875,2981.5986328125,31131942647,0.0,0.0
2024-07-06 00:00:00+00:00,2981.988037109375,3080.107421875,2957.395751953125,3069.3779296875,11586293705,0.0,0.0
2024-07-07 00:00:00+00:00,3067.405029296875,3072.814453125,2923.959228515625,2929.38720703125,10857947538,0.0,0.0
2024-07-08 00:00:00+00:00,2929.861572265625,3090.66455078125,2826.481689453125,3018.73193359375,22627377457,0.0,0.0
2024-07-09 00:00:00+00:00,3018.80322265625,3105.800537109375,3005.522216796875,3064.032958984375,15269945822,0.0,0.0
2024-07-10 00:00:00+00:00,3066.13720703125,3148.407470703125,3026.6083984375,3102.21875,14578679176,0.0,0.0
2024-07-11 00:00:00+00:00,3101.335205078125,3208.9384765625,3057.21923828125,3100.330810546875,15230095766,0.0,0.0
2024-07-12 00:00:00+00:00,3099.989990234375,3154.6015625,3048.508056640625,3134.15869140625,12751638331,0.0,0.0
2024-07-13 00:00:00+00:00,3134.550537109375,3199.989501953125,3115.080322265625,3177.19873046875,8565105946,0.0,0.0
2024-07-14 00:00:00+00:00,3176.741455078125,3266.487548828125,3166.43115234375,3244.0791015625,10517709666,0.0,0.0
2024-07-15 00:00:00+00:00,3246.131591796875,3494.098388671875,3235.776123046875,3489.552734375,18305490390,0.0,0.0
2024-07-16 00:00:00+00:00,3486.14404296875,3498.218994140625,3351.77978515625,3443.513427734375,20446664416,0.0,0.0
2024-07-17 00:00:00+00:00,3446.73681640625,3516.104248046875,3379.099609375,3388.75244140625,16739123962,0.0,0.0
2024-07-18 00:00:00+00:00,3388.030029296875,3488.715576171875,3374.990478515625,3426.258544921875,15035622003,0.0,0.0
2024-07-19 00:00:00+00:00,3425.90869140625,3540.58837890625,3377.877685546875,3505.73486328125,17705629736,0.0,0.0
2024-07-20 00:00:00+00:00,3505.721435546875,3539.904296875,3482.489013671875,3519.29541015625,10360198325,0.0,0.0
2024-07-21 00:00:00+00:00,3519.426513671875,3546.619140625,3415.44384765625,3536.60546875,13845913681,0.0,0.0
2024-07-22 00:00:00+00:00,3536.627197265625,3560.075439453125,3425.795654296875,3440.419921875,18723199034,0.0,0.0
2024-07-23 00:00:00+00:00,3440.768310546875,3539.53173828125,3395.4208984375,3481.995849609375,24468405650,0.0,0.0
2024-07-24 00:00:00+00:00,3482.15185546875,3487.653076171875,3304.039306640625,3336.33935546875,16040945448,0.0,0.0
2024-07-25 00:00:00+00:00,3336.3623046875,3341.4384765625,3088.764404296875,3174.42724609375,25293745810,0.0,0.0
2024-07-26 00:00:00+00:00,3174.051025390625,3285.760986328125,3172.777099609375,3275.951416015625,15993893521,0.0,0.0
2024-07-27 00:00:00+00:00,3275.8916015625,3327.426513671875,3195.356689453125,3247.60791015625,15198233287,0.0,0.0
2024-07-28 00:00:00+00:00,3247.50732421875,3283.152099609375,3201.76318359375,3271.464599609375,8959236446,0.0,0.0
2024-07-29 00:00:00+00:00,3271.453369140625,3396.625732421875,3257.715576171875,3320.539306640625,18334852719,0.0,0.0
2024-07-30 00:00:00+00:00,3320.63525390625,3365.322509765625,3235.760009765625,3278.667724609375,14045773047,0.0,0.0
2024-07-31 00:00:00+00:00,3278.6865234375,3347.636474609375,3216.07177734375,3231.295654296875,16135380637,0.0,0.0
2024-08-01 00:00:00+00:00,3231.248779296875,3241.77734375,3078.5439453125,3201.564453125,20217639556,0.0,0.0
2024-08-02 00:00:00+00:00,3201.599365234375,3214.527099609375,2965.73388671875,2986.01318359375,21400241741,0.0,0.0
2024-08-03 00:00:00+00:00,2985.950927734375,3015.296142578125,2861.177490234375,2903.3857421875,17844091431,0.0,0.0
2024-08-04 00:00:00+00:00,2903.088623046875,2931.4716796875,2639.566650390625,2686.39892578125,21139601426,0.0,0.0
2024-08-05 00:00:00+00:00,2686.027587890625,2695.88671875,2122.546142578125,2417.206298828125,67668132244,0.0,0.0
2024-08-06 00:00:00+00:00,2417.269775390625,2553.5810546875,2416.527099609375,2458.723876953125,26041995921,0.0,0.0
2024-08-07 00:00:00+00:00,2458.989013671875,2551.560791015625,2312.168701171875,2336.58935546875,24264218606,0.0,0.0
2024-08-08 00:00:00+00:00,2336.9150390625,2721.95458984375,2322.529541015625,2683.352783203125,23468291180,0.0,0.0
2024-08-09 00:00:00+00:00,2683.719970703125,2706.451171875,2555.2294921875,2599.5986328125,17907141655,0.0,0.0
2024-08-10 00:00:00+00:00,2599.582275390625,2642.92578125,2580.661865234375,2610.02294921875,9361014219,0.0,0.0
2024-08-11 00:00:00+00:00,2609.9697265625,2718.797607421875,2544.1748046875,2553.252197265625,13595441987,0.0,0.0
2024-08-12 00:00:00+00:00,2553.49658203125,2749.135009765625,2513.39404296875,2724.431884765625,21653090666,0.0,0.0
2024-08-13 00:00:00+00:00,2724.303466796875,2737.990478515625,2613.80126953125,2703.671875,16383053029,0.0,0.0
2024-08-14 00:00:00+00:00,2703.5869140625,2775.281005859375,2636.705322265625,2662.914794921875,15825365408,0.0,0.0
2024-08-15 00:00:00+00:00,2662.885498046875,2675.314453125,2518.670654296875,2570.087646484375,16345801912,0.0,0.0
2024-08-16 00:00:00+00:00,2570.085205078125,2629.383544921875,2553.071533203125,2593.1865234375,13275561555,0.0,0.0
2024-08-17 00:00:00+00:00,2593.1669921875,2626.6728515625,2588.78515625,2614.546875,6676568717,0.0,0.0
2024-08-18 00:00:00+00:00,2614.109619140625,2684.031005859375,2596.735107421875,2613.357177734375,9207267415,0.0,0.0
2024-08-19 00:00:00+00:00,2612.718505859375,2648.284423828125,2566.401123046875,2637.306396484375,11968963282,0.0,0.0
2024-08-20 00:00:00+00:00,2637.306396484375,2695.913818359375,2556.74755859375,2573.10693359375,13249483464,0.0,0.0
2024-08-21 00:00:00+00:00,2573.10888671875,2662.953369140625,2538.65771484375,2631.3955078125,12766015263,0.0,0.0
2024-08-22 00:00:00+00:00,2630.8642578125,2644.82373046875,2587.110595703125,2622.951416015625,10723280428,0.0,0.0
2024-08-23 00:00:00+00:00,2622.916015625,2799.329833984375,2622.5810546875,2764.447021484375,16857181970,0.0,0.0
2024-08-24 00:00:00+00:00,2765.4814453125,2820.0205078125,2737.776611328125,2769.3896484375,11765811307,0.0,0.0
2024-08-25 00:00:00+00:00,2769.09814453125,2793.012939453125,2736.0888671875,2749.15771484375,9375535539,0.0,0.0
2024-08-26 00:00:00+00:00,2749.24755859375,2763.004150390625,2668.88671875,2681.340576171875,12282035835,0.0,0.0
2024-08-27 00:00:00+00:00,2681.622802734375,2700.15283203125,2401.175048828125,2458.7265625,18028996056,0.0,0.0
2024-08-28 00:00:00+00:00,2458.90478515625,2553.820068359375,2422.293701171875,2528.41552734375,20359545410,0.0,0.0
2024-08-29 00:00:00+00:00,2528.3623046875,2595.97705078125,2507.50244140625,2528.792724609375,13946434277,0.0,0.0
2024-08-30 00:00:00+00:00,2528.732177734375,2539.915283203125,2432.83447265625,2525.822021484375,15526218255,0.0,0.0
2024-08-31 00:00:00+00:00,2525.859130859375,2532.389892578125,2493.70556640625,2513.393798828125,6646876013,0.0,0.0
2024-09-01 00:00:00+00:00,2513.42431640625,2515.46728515625,2401.88916015625,2427.90234375,11800443265,0.0,0.0
2024-09-02 00:00:00+00:00,2427.973388671875,2563.0859375,2426.095947265625,2538.187255859375,12520444224,0.0,0.0
2024-09-03 00:00:00+00:00,2538.16064453125,2552.802734375,2419.875244140625,2420.603759765625,11406800197,0.0,0.0
2024-09-04 00:00:00+00:00,2420.1923828125,2488.91650390625,2313.26513671875,2448.97705078125,16709600747,0.0,0.0
2024-09-05 00:00:00+00:00,2448.98681640625,2465.38525390625,2348.86328125,2367.737548828125,13632325040,0.0,0.0
2024-09-06 00:00:00+00:00,2367.700927734375,2406.511962890625,2150.86328125,2223.87646484375,25825618367,0.0,0.0
2024-09-07 00:00:00+00:00,2223.92919921875,2310.19482421875,2222.100830078125,2274.107177734375,11124608320,0.0,0.0
2024-09-08 00:00:00+00:00,2274.437744140625,2332.359375,2243.911376953125,2297.29296875,10718443487,0.0,0.0
2024-09-09 00:00:00+00:00,2297.896240234375,2379.78662109375,2274.115478515625,2358.482177734375,15887712451,0.0,0.0
2024-09-10 00:00:00+00:00,2358.497802734375,2398.50390625,2323.07177734375,2389.5810546875,12795818970,0.0,0.0
2024-09-11 00:00:00+00:00,2389.603759765625,2389.71826171875,2279.0537109375,2339.841552734375,15355180967,0.0,0.0
2024-09-12 00:00:00+00:00,2339.8408203125,2390.186767578125,2316.15771484375,2361.78173828125,12162634681,0.0,0.0
2024-09-13 00:00:00+00:00,2361.740966796875,2462.802978515625,2338.14404296875,2441.607177734375,13759640866,0.0,0.0
2024-09-14 00:00:00+00:00,2441.580810546875,2442.632080078125,2386.979736328125,2418.595703125,8170291680,0.0,0.0
2024-09-15 00:00:00+00:00,2418.26611328125,2430.38330078125,2286.628173828125,2320.897216796875,10155470375,0.0,0.0
2024-09-16 00:00:00+00:00,2320.89453125,2334.789794921875,2253.715087890625,2295.28369140625,16819033263,0.0,0.0
2024-09-17 00:00:00+00:00,2295.284423828125,2392.149169921875,2263.79296875,2341.707763671875,15356783863,0.0,0.0
2024-09-18 00:00:00+00:00,2341.73291015625,2369.72900390625,2278.66455078125,2369.72900390625,18159056422,0.0,0.0
2024-09-19 00:00:00+00:00,2369.374755859375,2492.20458984375,2369.374755859375,2464.752197265625,18437147349,0.0,0.0
2024-09-20 00:00:00+00:00,2464.7822265625,2571.99267578125,2439.3779296875,2561.072021484375,19112788620,0.0,0.0
2024-09-21 00:00:00+00:00,2560.879638671875,2621.62255859375,2530.837890625,2615.857177734375,10797825021,0.0,0.0
2024-09-22 00:00:00+00:00,2615.84814453125,2632.039306640625,2528.522216796875,2582.862548828125,13180663011,0.0,0.0
2024-09-23 00:00:00+00:00,2582.77490234375,2701.677734375,2541.910400390625,2648.54638671875,19912841456,0.0,0.0
2024-09-24 00:00:00+00:00,2648.482177734375,2671.27587890625,2593.152099609375,2654.35498046875,16658812503,0.0,0.0
2024-09-25 00:00:00+00:00,2654.361572265625,2672.4619140625,2557.724365234375,2579.388671875,14119729962,0.0,0.0
2024-09-26 00:00:00+00:00,2579.217529296875,2665.99267578125,2559.954345703125,2632.199951171875,17336033595,0.0,0.0
2024-09-27 00:00:00+00:00,2632.241943359375,2728.067626953125,2616.950927734375,2695.900634765625,17023020294,0.0,0.0
2024-09-28 00:00:00+00:00,2695.81591796875,2704.9287109375,2652.25048828125,2677.5390625,10252590559,0.0,0.0
2024-09-29 00:00:00+00:00,2677.628662109375,2683.44580078125,2635.5849609375,2659.346923828125,11126215671,0.0,0.0
2024-09-30 00:00:00+00:00,2659.292724609375,2662.489013671875,2576.97607421875,2603.062744140625,17826446789,0.0,0.0
2024-10-01 00:00:00+00:00,2603.26416015625,2657.615478515625,2415.07861328125,2448.921142578125,25482371785,0.0,0.0
2024-10-02 00:00:00+00:00,2448.877197265625,2498.121337890625,2354.539306640625,2365.231689453125,20148256472,0.0,0.0
2024-10-03 00:00:00+00:00,2365.213623046875,2402.862548828125,2311.02783203125,2349.791259765625,18051447791,0.0,0.0
2024-10-04 00:00:00+00:00,2349.73291015625,2440.242431640625,2339.870849609375,2414.7939453125,14879264082,0.0,0.0
2024-10-05 00:00:00+00:00,2414.84716796875,2427.517578125,2390.844482421875,2415.6318359375,8152969183,0.0,0.0
2024-10-06 00:00:00+00:00,2415.53173828125,2456.630615234375,2407.099365234375,2439.957763671875,8458690205,0.0,0.0
2024-10-07 00:00:00+00:00,2439.94482421875,2520.40625,2405.13427734375,2421.796630859375,17414044416,0.0,0.0
2024-10-08 00:00:00+00:00,2421.98095703125,2464.12744140625,2400.5107421875,2439.8408203125,14067361080,0.0,0.0
2024-10-09 00:00:00+00:00,2439.840087890625,2470.9130859375,2350.946533203125,2368.283447265625,14954047093,0.0,0.0
2024-10-10 00:00:00+00:00,2368.273193359375,2417.2880859375,2329.78466796875,2383.85791015625,15327769940,0.0,0.0
2024-10-11 00:00:00+00:00,2383.940185546875,2470.395751953125,2380.504638671875,2436.513427734375,13489061564,0.0,0.0
2024-10-12 00:00:00+00:00,2436.515625,2488.23779296875,2434.202880859375,2476.523193359375,9372169184,0.0,0.0
2024-10-13 00:00:00+00:00,2476.520263671875,2484.12939453125,2436.9697265625,2467.677001953125,9189490605,0.0,0.0
2024-10-14 00:00:00+00:00,2467.6474609375,2652.8818359375,2443.552978515625,2628.89990234375,21434687898,0.0,0.0
2024-10-15 00:00:00+00:00,2629.017578125,2685.166748046875,2537.94091796875,2606.02197265625,22003780898,0.0,0.0
2024-10-16 00:00:00+00:00,2606.01953125,2644.854248046875,2589.60693359375,2611.10205078125,17012396419,0.0,0.0
2024-10-17 00:00:00+00:00,2611.192138671875,2646.8740234375,2577.305908203125,2604.2734375,15150712321,0.0,0.0
2024-10-18 00:00:00+00:00,2604.814453125,2674.371826171875,2595.958984375,2641.55224609375,17043738652,0.0,0.0
2024-10-19 00:00:00+00:00,2641.48828125,2661.872802734375,2631.656982421875,2648.656982421875,8557834553,0.0,0.0
2024-10-20 00:00:00+00:00,2648.665771484375,2756.436767578125,2635.94580078125,2746.364013671875,14559296242,0.0,0.0
2024-10-21 00:00:00+00:00,2746.3056640625,2765.549560546875,2655.29443359375,2665.712158203125,17328615363,0.0,0.0
2024-10-22 00:00:00+00:00,2665.65673828125,2669.7900390625,2605.61865234375,2620.197509765625,15541911074,0.0,0.0
2024-10-23 00:00:00+00:00,2620.088623046875,2624.450439453125,2457.169921875,2509.098876953125,17876984551,0.0,0.0
2024-10-24 00:00:00+00:00,2523.60693359375,2559.1513671875,2506.722900390625,2534.49853515625,16128627601,0.0,0.0
2024-10-25 00:00:00+00:00,2534.454833984375,2563.734130859375,2381.45068359375,2435.93408203125,22560233078,0.0,0.0
2024-10-26 00:00:00+00:00,2436.050048828125,2503.23046875,2427.46142578125,2479.603271484375,13597102184,0.0,0.0
2024-10-27 00:00:00+00:00,2479.93701171875,2523.17138671875,2462.27197265625,2505.940673828125,9801434566,0.0,0.0
2024-10-28 00:00:00+00:00,2505.590576171875,2587.43017578125,2470.268310546875,2565.34814453125,18971841402,0.0,0.0
2024-10-29 00:00:00+00:00,2565.41796875,2680.054443359375,2560.15380859375,2637.95751953125,22185845095,0.0,0.0
2024-10-30 00:00:00+00:00,2637.64013671875,2720.271484375,2600.609619140625,2657.37255859375,22382690746,0.0,0.0
2024-10-31 00:00:00+00:00,2657.213134765625,2667.5595703125,2501.572265625,2515.79931640625,19760409505,0.0,0.0
2024-11-01 00:00:00+00:00,2515.870361328125,2583.777099609375,2467.8193359375,2511.885498046875,20215438328,0.0,0.0
2024-11-02 00:00:00+00:00,2512.208251953125,2522.360595703125,2471.95556640625,2491.068603515625,9639457439,0.0,0.0
2024-11-03 00:00:00+00:00,2491.094482421875,2495.4365234375,2411.3984375,2456.42529296875,15667779706,0.0,0.0
2024-11-04 00:00:00+00:00,2456.09521484375,2488.350341796875,2359.578125,2397.0263671875,17110200696,0.0,0.0
2024-11-05 00:00:00+00:00,2397.036376953125,2478.618896484375,2380.601318359375,2422.650634765625,17894057485,0.0,0.0
2024-11-06 00:00:00+00:00,2422.539306640625,2743.964111328125,2421.81298828125,2724.169189453125,41887574364,0.0,0.0
2024-11-07 00:00:00+00:00,2724.005859375,2918.744384765625,2701.5908203125,2895.58544921875,35352318438,0.0,0.0
2024-11-08 00:00:00+00:00,2895.597900390625,2983.744873046875,2889.484375,2962.296630859375,32303261101,0.0,0.0
2024-11-09 00:00:00+00:00,2962.791015625,3156.3662109375,2957.182373046875,3131.14453125,29210133088,0.0,0.0
2024-11-10 00:00:00+00:00,3130.729248046875,3249.9140625,3073.248779296875,3191.331298828125,47418730187,0.0,0.0
2024-11-11 00:00:00+00:00,3191.656982421875,3389.529296875,3109.76953125,3374.81298828125,55417771668,0.0,0.0
2024-11-12 00:00:00+00:00,3375.15478515625,3444.154052734375,3211.198486328125,3246.25732421875,56686078066,0.0,0.0
2024-11-13 00:00:00+00:00,3244.543212890625,3337.877197265625,3121.666015625,3192.595947265625,52010205682,0.0,0.0
2024-11-14 00:00:00+00:00,3192.5205078125,3240.270751953125,3032.971923828125,3058.94873046875,35743352141,0.0,0.0
2024-11-15 00:00:00+00:00,3059.526123046875,3130.703857421875,3016.14404296875,3103.04052734375,32701369872,0.0,0.0
2024-11-16 00:00:00+00:00,3089.739990234375,3218.089599609375,3073.286376953125,3133.27392578125,26650658846,0.0,0.0
2024-11-17 00:00:00+00:00,3133.306640625,3160.152587890625,3039.246826171875,3075.66162109375,28348163224,0.0,0.0
2024-11-18 00:00:00+00:00,3075.722900390625,3225.130615234375,3052.4912109375,3207.8564453125,35445557613,0.0,0.0
2024-11-19 00:00:00+00:00,3208.25048828125,3222.00439453125,3070.36279296875,3111.384033203125,29823634432,0.0,0.0
2024-11-20 00:00:00+00:00,3111.116943359375,3159.949462890625,3032.603271484375,3072.18798828125,29785491216,0.0,0.0
2024-11-21 00:00:00+00:00,3072.05517578125,3388.54296875,3035.8466796875,3361.053955078125,51619069348,0.0,0.0
2024-11-22 00:00:00+00:00,3360.654296875,3428.46044921875,3262.808837890625,3331.600830078125,36775716442,0.0,0.0
2024-11-23 00:00:00+00:00,3331.6455078125,3499.370849609375,3317.65478515625,3396.223388671875,38835184688,0.0,0.0
2024-11-24 00:00:00+00:00,3396.99951171875,3451.80224609375,3288.430908203125,3363.659912109375,27901454185,0.0,0.0
2024-11-25 00:00:00+00:00,3364.6015625,3545.27880859375,3304.093994140625,3413.5439453125,51544793988,0.0,0.0
2024-11-26 00:00:00+00:00,3412.950927734375,3461.29296875,3255.54296875,3326.517333984375,39902959158,0.0,0.0
2024-11-27 00:00:00+00:00,3326.029052734375,3687.009033203125,3303.56787109375,3657.249267578125,43383987191,0.0,0.0
2024-11-28 00:00:00+00:00,3656.609619140625,3664.878173828125,3531.87060546875,3579.8115234375,32362724276,0.0,0.0
2024-11-29 00:00:00+00:00,3579.91064453125,3647.264404296875,3538.44677734375,3593.494384765625,27622629486,0.0,0.0
2024-11-30 00:00:00+00:00,3593.59814453125,3739.934814453125,3572.254150390625,3705.705322265625,30670867436,0.0,0.0
2024-12-01 00:00:00+00:00,3706.619873046875,3747.455322265625,3663.234130859375,3711.1650390625,28018113530,0.0,0.0
2024-12-02 00:00:00+00:00,3710.495361328125,3761.343017578125,3557.252197265625,3644.198486328125,47284967570,0.0,0.0
2024-12-03 00:00:00+00:00,3643.7421875,3670.2197265625,3504.226318359375,3620.711669921875,36839829742,0.0,0.0
2024-12-04 00:00:00+00:00,3620.03759765625,3895.17431640625,3617.74462890625,3841.3310546875,56799745752,0.0,0.0
2024-12-05 00:00:00+00:00,3840.844482421875,3956.54150390625,3683.4208984375,3811.00830078125,60568296606,0.0,0.0
2024-12-06 00:00:00+00:00,3792.20849609375,4093.172119140625,3782.681396484375,4005.810546875,52853668566,0.0,0.0
2024-12-07 00:00:00+00:00,4006.02880859375,4029.452880859375,3974.17626953125,4002.692626953125,22574636761,0.0,0.0
2024-12-08 00:00:00+00:00,4007.690673828125,4018.0,3927.85400390625,4005.70458984375,20943378971,0.0,0.0
2024-12-09 00:00:00+00:00,4006.101806640625,4008.77783203125,3525.23291015625,3718.6904296875,57029832059,0.0,0.0
2024-12-10 00:00:00+00:00,3719.00048828125,3780.75341796875,3520.365234375,3631.833740234375,58416417599,0.0,0.0
2024-12-11 00:00:00+00:00,3631.276123046875,3850.765380859375,3567.56640625,3832.822021484375,35968053196,0.0,0.0
2024-12-12 00:00:00+00:00,3833.172119140625,3987.005859375,3800.0908203125,3883.1015625,42971675764,0.0,0.0
2024-12-13 00:00:00+00:00,3883.030029296875,3967.395263671875,3855.023681640625,3911.205322265625,34895127659,0.0,0.0
2024-12-14 00:00:00+00:00,3910.847900390625,3943.278076171875,3826.761962890625,3868.4052734375,28756190559,0.0,0.0
2024-12-15 00:00:00+00:00,3868.441162109375,3971.498046875,3832.0966796875,3951.941162109375,25069616984,0.0,0.0
2024-12-16 00:00:00+00:00,3951.65283203125,4106.95556640625,3882.705322265625,3987.48095703125,46536359669,0.0,0.0
2024-12-17 00:00:00+00:00,3987.333984375,4040.337890625,3849.28662109375,3886.76611328125,35418700472,0.0,0.0
2024-12-18 00:00:00+00:00,3886.886962890625,3902.715576171875,3617.840576171875,3618.791259765625,48946681636,0.0,0.0
2024-12-19 00:00:00+00:00,3619.58203125,3717.662353515625,3330.87255859375,3417.927978515625,58879190250,0.0,0.0
2024-12-20 00:00:00+00:00,3417.93017578125,3496.327392578125,3098.20361328125,3472.553466796875,66383827229,0.0,0.0
2024-12-21 00:00:00+00:00,3472.589111328125,3552.921630859375,3293.505615234375,3337.222412109375,31579389836,0.0,0.0
2024-12-22 00:00:00+00:00,3336.998779296875,3398.657470703125,3219.294921875,3277.53515625,24780768375,0.0,0.0
2024-12-23 00:00:00+00:00,3277.51416015625,3461.52783203125,3217.36865234375,3415.785400390625,34496081389,0.0,0.0
2024-12-24 00:00:00+00:00,3415.738037109375,3535.857666015625,3355.609130859375,3492.0498046875,23083678195,0.0,0.0
2024-12-25 00:00:00+00:00,3491.95751953125,3542.833740234375,3440.09716796875,3493.2353515625,17651873225,0.0,0.0
2024-12-26 00:00:00+00:00,3493.30419921875,3512.6044921875,3302.306396484375,3331.225830078125,22247726776,0.0,0.0
2024-12-27 00:00:00+00:00,3331.0537109375,3436.710693359375,3302.57568359375,3328.9169921875,24091627403,0.0,0.0
2024-12-28 00:00:00+00:00,3328.774658203125,3419.920166015625,3318.033935546875,3397.90234375,14305648523,0.0,0.0
2024-12-29 00:00:00+00:00,3397.862548828125,3406.6484375,3321.664794921875,3349.513427734375,13440907792,0.0,0.0
2024-12-30 00:00:00+00:00,3349.5859375,3428.52734375,3298.804443359375,3356.392578125,26981583962,0.0,0.0
